,Experimental,Predicted
0,11.123407093038162,[11.12340709]
1,10.798676505469219,[10.79867651]
2,11.161176044082731,[11.16117604]
3,11.334422289286804,[7.71668801]
4,11.424626477977936,[11.42462648]
5,11.716002975059162,[8.83728313]
6,12.021474468836455,[8.83449888]
7,12.331726017470816,[10.34782788]
8,11.78698625125582,[11.78698625]
9,11.968328358833256,[11.96832836]
10,11.990770196981945,[11.9907702]
11,12.102154515941818,[12.10215452]
12,11.816070501684965,[11.8160705]
13,12.20137830732041,[12.20137831]
14,12.437511780609512,[10.12905284]
15,12.50871558453618,[10.44741767]
16,12.684108446473171,[12.31252238]
17,12.07504438312377,[10.0767918]
18,12.647872774124224,[12.64787277]
19,12.132850030996476,[10.64181762]
20,12.454534004828673,[12.454534]
21,12.56974769352373,[12.56974769]
22,12.635803785224613,[12.63580379]
23,12.78652930296292,[12.74344809]
24,12.822258784953993,[11.50619146]
25,12.822258784953993,[12.82225878]
26,12.805399466954341,[12.60405748]
27,12.859999112936835,[12.81553433]
28,12.785891140783114,[12.78589114]
29,12.78652930296292,[12.7865293]
30,12.859999112936835,[12.85245105]
31,12.940041820610373,[12.85999911]
32,12.859999112936835,[12.85999911]
33,12.859999112936835,[12.85999911]
34,12.619798100980566,[11.91475091]
35,12.940041820610373,[12.88643877]
36,12.13989175267506,[12.13989175]
37,12.859999112936835,[12.85999911]
38,12.98260143502917,[12.98260144]
39,12.859999112936835,[12.85999911]
40,12.827957984787837,[12.34563867]
41,13.073573213234894,[11.99553309]
42,13.17365667179188,[12.05454936]
43,13.822210781866607,[13.39036484]
44,13.17365667179188,[12.21441159]
45,13.073573213234894,[12.95579097]
46,13.073573213234894,[12.91681744]
47,13.122363377404328,[13.0296965]
48,13.073573213234894,[12.2372115]
49,13.17365667179188,[12.64337688]
50,13.227723893062155,[13.07363155]
51,13.122363377404328,[13.03912194]
52,13.17365667179188,[13.02331033]
53,13.17365667179188,[13.1428807]
54,13.17365667179188,[13.17365667]
55,13.17365667179188,[13.07148727]
56,13.073573213234894,[12.8431824]
57,12.62760544910515,[12.62760545]
58,13.284882306902105,[13.16339801]
59,13.227723893062155,[13.12236338]
60,13.122363377404328,[13.12236338]
61,13.17365667179188,[13.10334794]
62,13.284882306902105,[12.99958953]
63,13.17365667179188,[13.17365667]
64,13.122363377404328,[13.12236338]
65,13.284882306902105,[12.3433036]
66,13.227723893062155,[12.83644084]
67,13.345506928718539,[12.29294435]
68,13.284882306902105,[13.13830193]
69,13.17365667179188,[12.83223742]
70,13.345506928718539,[13.04474028]
71,13.227723893062155,[13.20108489]
72,13.41004544985611,[13.19762961]
73,13.227723893062155,[12.96533484]
74,12.18302169263407,[12.44183245]
75,13.144004514633124,[11.08009567]
76,13.284882306902105,[13.28488231]
77,13.284882306902105,[12.27132357]
78,13.345506928718539,[13.333382]
79,13.345506928718539,[12.41234797]
80,13.284882306902105,[12.26267938]
81,13.41004544985611,[13.29827801]
82,13.284882306902105,[13.28488231]
83,13.345506928718539,[13.26441391]
84,13.345506928718539,[13.1301993]
85,13.284882306902105,[11.22313369]
86,13.41004544985611,[13.18124707]
87,13.41004544985611,[13.31636498]
88,13.345506928718539,[13.32669363]
89,13.345506928718539,[13.22852482]
90,13.41004544985611,[13.17872642]
91,13.41004544985611,[13.41004545]
92,13.345506928718539,[13.09451777]
93,13.345506928718539,[13.333382]
94,13.345506928718539,[13.34550693]
95,13.479038321343062,[13.32195032]
96,13.479038321343062,[12.34124289]
97,13.345506928718539,[13.32351588]
98,13.41004544985611,[13.36008828]
99,13.41004544985611,[13.25585926]
100,13.227723893062155,[12.96506452]
101,13.41004544985611,[13.37132234]
102,13.553146293496782,[13.38414673]
103,13.479038321343062,[13.34870543]
104,13.479038321343062,[13.3120842]
105,13.41004544985611,[13.41004545]
106,13.345506928718539,[13.32195032]
107,13.479038321343062,[12.53129801]
108,13.345506928718539,[13.33446778]
109,13.284882306902105,[12.03379868]
110,13.41004544985611,[11.67581775]
111,13.63318900117032,[12.60427711]
112,13.41004544985611,[13.36067343]
113,13.227723893062155,[12.36065789]
114,13.815510557964275,[13.81551056]
115,13.345506928718539,[13.19084945]
116,13.479038321343062,[13.01633282]
117,13.31908212170609,[13.31908212]
118,13.580816318641265,[9.68718619]
119,12.356895535264757,[9.77210352]
120,12.511604395288668,[12.5116044]
121,12.430467761953444,[12.43046776]
122,11.144661082389163,[11.14466108]
123,8.622553707074063,[5.26147485]
124,9.104722888725664,[9.10472289]
125,5.683979847360022,[5.68397985]
126,6.660442830739012,[2.70918604]
127,2.5179765510402725,[2.51797655]
128,-20.572442947211822,[1.87327451]
129,9.476639948871988,[8.65336609]
130,9.815670216283172,[9.81567022]
131,9.733309688356224,[9.31173689]
132,8.657388743351264,[9.53535568]
133,9.361826035187027,[9.36182604]
134,10.50928293648255,[10.50928294]
135,10.252731699303688,[10.2527317]
136,8.07893826048508,[9.48775005]
137,10.993382561176636,[10.99338256]
138,10.770988120240851,[10.43611573]
139,10.70468815864768,[10.70468816]
140,11.269722729443854,[11.26972273]
141,11.417615285165903,[11.41761529]
142,11.974960924566787,[10.65780491]
143,11.564218759357779,[10.3613797]
144,11.417615285165903,[10.49104927]
145,12.129111604394044,[10.3953919]
146,8.468403027246806,[8.46840303]
147,10.154916279594534,[8.32173823]
148,7.751725349276666,[7.75172535]
149,8.2170885989659,[8.2170886]
150,9.950606432140905,[9.95060643]
151,9.823793756416052,[9.82379376]
152,9.9691916214225,[9.59694251]
153,9.808177372731805,[9.48310076]
154,10.151948911834628,[10.15194891]
155,9.939015179742212,[9.91903126]
156,10.642206739319688,[9.42278169]
157,10.031320924046012,[9.92538072]
158,10.031320924046012,[9.92538072]
159,10.066075690975806,[10.06607569]
160,10.680016342035124,[10.26743841]
161,9.771383194403057,[9.77138319]
162,10.916127596523065,[10.9161276]
163,10.584945126400127,[10.52318317]
164,10.24621316797594,[10.24621317]
165,11.042921835724492,[11.04292184]
166,10.621475453787934,[9.59070096]
167,10.637456727616328,[10.63745673]
168,11.371924376196509,[11.37192438]
169,11.330603908176274,[11.33060391]
170,12.564382913902968,[12.56438291]
171,9.361757887899406,[8.04511656]
172,8.752003036433187,[8.55857823]
173,9.394303745855456,[9.39430375]
174,9.5724243695854,[9.57242437]
175,8.50499565037388,[8.50499565]
176,8.712121754351005,[8.71212175]
177,8.345697514523618,[8.41245789]
178,8.386011059182492,[8.38601106]
179,8.98799746134546,[8.83297226]
180,7.662777863260169,[7.66277786]
181,6.886138288208933,[8.34667292]
182,6.165817934252759,[7.3483638]
183,8.421883011611913,[8.2421423]
184,7.7999834362734966,[7.79998344]
185,7.105527959765083,[7.10552796]
186,7.5387372932989525,[7.65724832]
187,7.997444071681186,[8.49790961]
188,8.188425323585951,[8.18842532]
189,8.770695556442323,[8.77069556]
190,8.996001732112815,[8.99600173]
191,9.581404053367015,[9.52822602]
192,7.921303932641305,[7.92130393]
193,6.240254745615967,[6.24025475]
194,6.352757718354801,[7.04784333]
195,6.37886013190821,[6.37886013]
196,6.488816452931047,[6.48881645]
197,6.214608098422191,[6.2146081]
198,6.2248614298624805,[6.22486143]
199,5.809142990314027,[5.95797264]
200,6.565749354559863,[6.42689115]
201,6.600984217625481,[5.95694263]
202,5.902345495474775,[6.17462603]
203,6.313967605582455,[6.43330451]
204,6.694587470748543,[6.69458747]
205,7.849363818840582,[7.84936382]
206,6.678965828995347,[5.80736178]
207,6.214608098422191,[5.88643241]
208,6.14909396721899,[6.14909397]
209,6.1925996557138046,[6.82740703]
210,6.571283042360923,[6.57128304]
211,6.883947630046368,[6.53854355]
212,6.990750522522219,[6.30553776]
213,6.18947929810466,[6.33160065]
214,6.214608098422191,[6.2146081]
215,7.222599316759102,[7.07334716]
216,7.283056615446767,[6.92474924]
217,8.111728083308073,[6.60221334]
218,7.032570815856113,[7.03257082]
219,7.0131157946399645,[7.01311579]
220,6.792199418500442,[6.97754727]
221,6.752243394092716,[6.75224339]
222,7.018822126384121,[6.57561207]
223,7.523941418405953,[7.52394142]
224,7.3330922859360355,[7.33309229]
225,3.816712825623821,[3.81671283]
226,2.9187712324178623,[2.91877123]
227,5.599422459331958,[5.59942246]
228,8.947976107508694,[3.16761688]
229,5.713318283173362,[5.94054462]
230,6.571283042360923,[6.57128304]
231,5.952243833954701,[5.95224383]
232,5.715672738988903,[5.75953897]
233,5.64329351137975,[5.84493267]
234,12.092743960223169,[12.09274396]
235,9.469744533346905,[8.30150987]
236,8.790238442908054,[8.79023844]
237,7.9034283493061475,[7.9575774]
238,7.863835245922166,[7.9575774]
239,7.77480405873442,[7.98427736]
240,7.984277363628497,[7.98427736]
241,7.9575774034808155,[7.9575774]
242,9.263479658787404,[9.26347966]
243,8.175796073980514,[8.17579607]
244,7.6773981165740475,[7.79242402]
245,8.706325183167701,[8.36177525]
246,8.622553707074063,[8.35406586]
247,7.824046010856294,[7.82404601]
248,7.824046010856294,[7.82404601]
249,8.111728083308073,[8.11172808]
250,8.219689790346656,[8.21968979]
251,8.740336742730447,[8.74033674]
252,7.1308988302963465,[7.13089883]
253,3.6413980235878474,[3.64139802]
254,1.424183674261842,[3.38908885]
255,2.8302178350764176,[2.83021784]
256,1.83258146374831,[-0.00021992]
257,-1.029619417181158,[-1.02961942]
258,1.8971199848858813,[1.89711998]
259,3.8763102750766163,[3.87631028]
260,3.3524072174927237,[4.22978371]
261,3.6884461698856095,[3.73004288]
262,4.222094580877564,[4.22209458]
263,3.753810610860159,[3.73413666]
264,4.232696184467669,[4.23269618]
265,3.9591783451637674,[3.91540369]
266,3.4705500196275447,[3.48125713]
267,3.8553586627746452,[3.85088548]
268,3.718401267707677,[4.06858548]
269,3.9548170795753856,[3.95481708]
270,3.5819693421872736,[3.58196934]
271,3.882152285864917,[3.36458341]
272,2.831560442987178,[2.83156044]
273,2.19595932408762,[2.19595932]
274,1.4873018033881436,[1.70065689]
275,1.6094379124341005,[1.60943791]
276,2.120263536200091,[2.7260445]
277,2.28009062457939,[2.28009062]
278,0.9942522733438668,[1.00652501]
279,1.9391090910532844,[1.93910909]
280,2.58067095576048,[1.95421682]
281,-0.5877866649021191,[-0.58778666]
282,0.4211457746750585,[0.42114577]
283,-1.0586570862089255,[-0.91034019]
284,-5.703782474656202,[0.09809227]
285,-4.605170185988091,[-4.60517019]
286,0.3454875594551628,[1.13818898]
287,-1.163823701727305,[-1.1638237]
288,-8.536995818712418,[-0.67121096]
289,-0.6418538861723948,[-0.86742694]
290,-1.9844552562787843,[-1.98445526]
291,-1.6716339987770117,[-1.40666287]
292,-1.6246230760156666,[-1.62462308]
293,-3.270514999594952,[-2.08002235]
294,-3.3160008886978147,[-3.31600089]
295,-5.916936730122403,[-5.91693673]
296,-3.6592187590812433,[-1.72679212]
297,-3.428472802747371,[-1.52531404]
298,-5.666899399536398,[-1.29812344]
299,5.7221663367523075,[5.72216634]
300,5.404666513274371,[6.15786082]
301,11.419514179645471,[11.41951418]
302,7.962916386116128,[7.96291639]
303,-0.41146841729836736,[-0.41146842]
304,-0.4117555704756773,[0.48881035]
305,-0.1340229862132334,[0.16122483]
306,0.4623345586137659,[0.46233456]
307,0.008434891102438296,[0.15968107]
308,-0.04505287348114986,[0.34364659]
309,0.3100492873868142,[0.31004929]
310,0.1823646851677757,[0.63682292]
311,0.1594805311234104,[0.49885608]
312,0.4079965052793955,[0.4780358]
313,0.4780358009429996,[0.4780358]
314,0.3566749439387322,[0.52139613]
315,0.3566749439387322,[0.4444385]
316,0.33549718795940603,[1.09609208]
317,1.6607312068216509,[1.66073121]
318,0.5295780511713319,[0.52957805]
319,1.3402408074504957,[1.22453608]
320,1.469675970058942,[1.05564983]
321,1.1711829815029449,[1.17118298]
322,1.5296344045080732,[1.22090599]
323,1.2378743560016174,[1.2039728]
324,1.203972804325936,[0.88875051]
325,0.6788987276855845,[1.04383662]
326,0.3710636813908319,[0.68026535]
327,1.01406757563395,[1.01406758]
328,1.3093333199837622,[1.1888391]
329,2.2072749131897207,[1.29713204]
330,0.9675840262617056,[0.80596791]
331,1.3918824711079658,[1.00831715]
332,1.7995479360454034,[1.2113809]
333,1.6647894405441281,[1.66478944]
334,-1.3246610685169722,[-1.32466107]
335,-3.2461199175102347,[0.89702993]
336,1.046034204948573,[0.45080471]
337,-2.4849066497880004,[-2.48490665]
338,1.828247778309028,[1.82824778]
339,-1.4586150226995167,[-1.45861502]
340,-1.1817034560923834,[-0.44081684]
341,-1.4350845252893227,[-1.43508453]
342,-0.2623642644674911,[-0.26236426]
343,-0.9932517730102834,[-0.99325177]
344,-1.2237754316221157,[-1.22377543]
345,-0.8251686458562943,[-0.82516865]
346,-1.76611282203428,[-0.51384848]
347,0.6006548434532261,[-0.31678065]
348,-0.916290731874155,[-0.90142447]
349,2.0402208285265546,[0.11333608]
350,-0.7884573603642702,[-0.07764153]
351,1.0829105600716329,[1.08291056]
352,-1.791759469228055,[0.20175932]
353,-2.662401854731745,[-2.66240185]
354,-1.5562164810724926,[-1.55621648]
355,-2.0174345939379283,[-1.67810708]
356,-2.421222659930513,[-2.06678758]
357,-2.4908244306431384,[-0.96123999]
358,-2.569618670799101,[-2.26715781]
359,-1.0209957408527606,[-1.02099574]
360,-2.030016026521069,[-2.10966045]
361,-0.947993767415919,[-1.00084491]
362,-3.5270941115239616,[-3.52709411]
363,-3.0979325166207836,[-3.09793252]
364,-2.19722457733622,[-2.17894086]
365,-2.4849066497880004,[-1.18625795]
366,-0.5873291036314616,[-0.5873291]
367,-3.5819733421712736,[-3.58197334]
368,-1.2323519712352404,[-1.34561371]
369,-2.180911963678181,[-2.18091196]
370,-2.5712019831517217,[-1.51470882]
371,-1.3411952271608159,[-1.34119523]
372,-0.9555114450274363,[-1.63041739]
373,-0.916290731874155,[-1.29704406]
374,-1.3697744340807905,[-1.36977443]
375,-1.656158834659916,[-1.22818646]
376,-0.8754687373538999,[-0.87546874]
377,-1.0986122886681098,[-1.09861229]
378,-1.589235205116581,[-1.05705633]
379,-0.4777557225137182,[-1.64700382]
380,0.9019375687206728,[-1.70202567]
381,-0.8329091229351039,[-0.83290912]
382,5.843044541989709,[5.84304454]
383,-3.821378100266765,[-2.01724425]
384,-4.532078930899051,[-1.88002816]
385,-1.9021075263969205,[-1.40252543]
386,-4.5260893607568535,[-4.52608936]
387,-5.293292198621286,[-5.2932922]
388,-0.5014176666371705,[-0.50141767]
389,1.83258146374831,[1.83258146]
390,-6.442707322270367,[-6.44270732]
391,-7.2671627426363985,[-7.26716274]
392,-9.39818684686343,[-9.39818685]
393,-12.38368321353971,[-12.38368321]
394,-6.739319120660862,[-6.73931912]
395,-8.853665428037448,[-8.85366543]
396,-8.733800543356763,[-8.28755267]
397,-6.416005538198334,[-6.41600554]
398,-23.121161109744786,[-20.42646625]
399,-7.244227515603349,[-7.24422752]
400,-10.043249494911286,[-10.04324949]
401,-11.156250521031497,[-11.15625052]
402,-8.242756345714477,[-8.24275635]
403,-25.013725278094807,[-25.01372528]
404,-26.689412576070104,[-26.68941258]
405,-26.854492326429554,[-26.85449233]
406,-27.230543549331426,[-27.23054355]
407,-7.438383530044308,[-7.43838353]
408,-9.546812608597397,[-9.54681261]
409,-34.12326095094902,[-33.54735916]
410,-35.126563059812796,[-35.12656306]
411,-34.433415879252856,[-31.78471882]
412,-11.918390573078392,[-8.20488903]
413,-5.828945617610208,[-5.82894562]
414,-10.435842921032345,[-7.13989314]
415,-6.347316920535188,[-6.34731692]
416,-10.74987359757106,[-10.7498736]
417,-12.033759479093193,[-12.03375948]
418,-11.05089000537367,[-11.05089001]
419,-1.2530686509551392,[-0.75300229]
420,-1.5952467365810798,[-1.59524674]
421,-9.49638117290677,[-9.49638117]
422,-9.946117474511539,[-9.94611747]
423,-5.3471075307174685,[-5.34710753]
424,6.917805614835639,[6.91780561]
425,-3.2225298783145586,[-3.22252988]
426,2.089903404557924,[2.31649188]
427,2.442519796929301,[2.4425198]
428,2.5555633309420034,[2.55556333]
429,3.3572274390149617,[3.35722744]
430,2.8171075249085518,[2.81710752]
431,3.772261063052988,[2.5849147]
432,3.7784485104403633,[2.54856542]
433,3.210542895372382,[2.89132931]
434,3.2580289755371834,[3.09982286]
435,3.1317492519807577,[3.13174925]
436,4.2176564527480735,[3.51407272]
437,4.422848629194137,[3.00335471]
438,4.385025023678072,[4.38502502]
439,1.9753357073602087,[1.97533571]
440,2.9780059211990477,[2.97800592]
441,1.4724004910989634,[1.47240049]
442,1.7877753844034665,[2.39720834]
443,0.0,[0.]
444,2.4304184645039304,[2.43041846]
445,2.0402208285265546,[2.40974592]
446,2.8473122684357177,[2.84731227]
447,3.688879454113936,[3.68887945]
448,1.1158116392586186,[1.98484867]
449,0.5804566574327445,[0.79804869]
450,-8.255744088916106,[-8.25574409]
451,-9.852194258148575,[-7.32239239]
452,-0.6830458269011855,[1.39160973]
453,-9.707135912308729,[2.96142187]
454,-5.703782474656202,[1.57824177]
455,1.666405160159545,[1.66640516]
456,-4.343805421853683,[-4.34380542]
457,1.9420600618911497,[2.40487981]
458,1.9953421853965323,[2.27025343]
459,2.674763772609136,[2.67476377]
460,2.3313933653775822,[2.33139337]
461,0.05157037945975667,[2.21914717]
462,2.322699547565644,[2.46955433]
463,1.7719568419318752,[2.80173071]
464,2.525728644308256,[2.8082849]
465,2.3434070875143007,[2.40995068]
466,2.7077204011173497,[2.7077204]
467,2.7488721956224653,[2.69026141]
468,2.9249824924171413,[2.28289347]
469,0.3982142890445031,[2.27092971]
470,2.5255668267329097,[3.14647133]
471,2.9684881809119563,[2.96848818]
472,3.1828128629561983,[3.18281286]
473,3.4420193761824107,[3.05415425]
474,3.4112477175156566,[3.13710014]
475,3.196269653457427,[3.11340953]
476,3.1941832122778293,[3.11706101]
477,3.2968373663379125,[2.35546229]
478,3.2968373663379125,[3.08881265]
479,3.381394754365976,[2.1471242]
480,3.1010927892118167,[2.4665986]
481,2.900422093749666,[2.90042209]
482,2.900422093749666,[2.94104488]
483,3.3848669905423816,[2.7368451]
484,2.8141352459401,[2.89037849]
485,2.577021938695806,[2.99409967]
486,3.4896198718072773,[3.56732097]
487,3.3528882620110623,[3.51420762]
488,2.4435013668254904,[2.44350137]
489,3.9983878772947685,[3.99838788]
490,4.4949229986840145,[4.494923]
491,6.165817934252759,[6.16581793]
492,7.308232845579263,[7.30823285]
493,8.468403027246806,[7.5396991]
494,9.826526511399999,[8.54963674]
495,10.982297213908057,[10.98229721]
496,12.454534004828673,[12.454534]
497,2.930218142350789,[1.81940234]
498,-0.024395082084716024,[-0.02439508]
499,1.1669955495999904,[1.16699555]
500,1.3093333199837622,[1.30933332]
501,0.016563878082594567,[0.16664945]
502,2.577021938695806,[1.20755166]
503,-1.62924053973028,[-1.62924054]
504,-0.0953101798043249,[1.24445094]
505,0.6555934443165425,[0.65559344]
506,-2.8332133440562166,[-2.83321334]
507,-0.5192941295431608,[-0.51929413]
508,0.8439700702945291,[1.9211577]
509,2.302585092994046,[2.25261443]
510,2.6592600369327783,[2.65926004]
511,0.2556018221152683,[0.25560182]
512,-0.9946216368808436,[1.0540644]
513,-6.040254711277415,[-6.04025471]
514,-3.843323008958118,[-3.84332301]
515,-3.560734340752336,[-3.22527406]
516,-3.446390900188298,[-3.4463909]
517,-2.9772515628505962,[-2.97725156]
518,-2.2838755142853793,[-2.28387551]
519,-2.74141313956762,[-2.74141314]
520,-1.9081754348245237,[-1.90817543]
521,-1.2527629684953678,[-1.25276297]
522,-2.3528078261666483,[-2.29583802]
523,-2.413356227967664,[-1.93645044]
524,-0.15795088757972342,[-1.63326124]
525,-1.2527629684953678,[-1.25276297]
526,-1.6332612391677768,[-1.63326124]
527,-1.8718021769015916,[-1.87180218]
528,-12.429216196844385,[-12.4292162]
529,-3.3060205174165462,[-3.30602052]
530,-3.7135720667043084,[-3.71357207]
531,-1.6094379124341005,[-1.60943791]
532,-4.67183047672404,[-4.67183048]
533,-14.151982794585487,[-14.15198279]
534,0.0395216036702265,[0.0395216]
535,-4.6030299967204495,[-4.60303]
536,-4.2808831582005755,[-4.28088316]
537,-7.377758908227872,[-3.12788034]
538,-13.102160670086805,[-13.10216067]
539,-3.3672958299864737,[-3.36729583]
540,-3.891820298110627,[-6.6468124]
541,-13.22075223455044,[-12.7720238]
542,-19.05189593090112,[-19.05189593]
543,-17.150557626718484,[-13.52994719]
544,-17.16695003871051,[-13.3887529]
545,-11.765305151338769,[-14.2955572]
546,-18.209959712636714,[-18.20995971]
547,-18.15931597981796,[-18.15931598]
548,-18.304146927696415,[-15.61047386]
549,-18.14624389825061,[-18.1462439]
550,-18.75715298057358,[-14.34823727]
551,-3.3672958299864737,[-4.35025341]
552,-2.254048277001797,[-2.25404828]
553,3.1365900185134032,[2.17445149]
554,3.992420808014705,[2.54038203]
555,3.6772774298271282,[3.60525582]
556,4.422848629194137,[4.42284863]
557,4.0459627280059465,[3.32679948]
558,4.268697949366879,[3.44691841]
559,4.199705077879926,[3.55513313]
560,2.3907312690222216,[1.19050839]
561,2.706292987831508,[2.79875318]
562,3.072067040599174,[3.07206704]
563,2.577021938695806,[2.57702194]
564,3.4150912946603698,[3.41507051]
565,-2.19722457733622,[-0.16257235]
566,3.553381010569843,[3.55338101]
567,3.772261063052988,[3.77226106]
568,3.890014562719759,[3.89001456]
569,3.6134631072270267,[3.61346311]
570,3.8402226069443435,[3.80837035]
571,4.5505330853682775,[4.32008151]
572,4.0745419349259215,[4.07454193]
573,-6.063785208687607,[-2.1746039]
574,0.10536051565782636,[0.10536052]
575,4.509860006183767,[1.7988798]
576,-0.4054651081081645,[-0.40546511]
577,-0.5877866649021191,[-0.58778666]
578,-3.332204510175204,[-3.33220451]
579,-4.787491742782046,[-2.01286602]
580,2.8278940891928954,[2.82789409]
581,3.2352591940639006,[3.23525919]
582,3.688879454113936,[3.68887945]
583,4.0745419349259215,[3.75500341]
584,4.320081509309299,[4.32008151]
585,-2.8332133440562166,[-2.83321334]
586,3.1666958172060795,[3.17867473]
587,3.65222885547184,[3.66749631]
588,4.02059971879125,[3.74941672]
589,4.833563189625013,[4.83356319]
590,-3.610917912644224,[-3.61091791]
591,3.473768074496991,[3.32109529]
592,3.5758698498968338,[3.57586985]
593,4.166811207610925,[4.16681121]
594,3.7290510419237717,[3.61343668]
595,4.1011549971796075,[3.7431671]
596,3.912023005428147,[3.91202301]
597,4.479013221681097,[4.47901322]
598,4.466354317688952,[4.46635432]
599,4.961845129926823,[4.96184513]
600,4.3428059215206005,[4.34280592]
601,4.841054141575701,[4.84105414]
602,4.1716199421464,[4.17161994]
603,4.7914997641795845,[4.79149976]
604,4.866534950122499,[4.8065068]
605,4.866534950122499,[4.86653495]
606,4.947660494934867,[4.94766049]
607,5.809142990314027,[5.80914299]
608,5.298317366548036,[4.94766049]
609,5.843044541989709,[4.16154265]
610,6.377127027919967,[6.37712703]
611,6.907755278982138,[6.90775528]
612,7.435388021064509,[7.43538802]
613,1.2729656758128876,[1.27296568]
614,2.7806208939370456,[2.78062089]
615,4.3428059215206005,[3.35694063]
616,5.240048458424061,[5.24004846]
617,4.049241428279026,[4.04924143]
618,2.2072749131897207,[0.75188549]
619,-1.589235205116581,[-5.18197167]
620,2.9763193672243102,[2.97631937]
621,3.540459448995664,[2.87144276]
622,3.863232841258714,[3.71846278]
623,4.135166556742356,[3.44141069]
624,3.772261063052988,[0.79662157]
625,-7.090076835776093,[-7.09007684]
626,4.104854245834138,[4.10485425]
627,3.912023005428147,[3.91202301]
628,3.963316299815697,[2.93390368]
629,3.4148834568199065,[3.41488346]
630,3.4112477175156566,[3.12068851]
631,3.473768074496991,[3.47376807]
632,4.049126048096733,[4.04912605]
633,1.0308148658285037,[1.03081487]
634,1.9968877536502023,[0.56760702]
635,-2.3978952727983707,[-2.39789527]
636,2.577021938695806,[2.57702194]
637,-0.5877866649021191,[-0.58778666]
638,-3.797442187252493,[-3.2733279]
639,-4.605170185988091,[-2.47149832]
640,-2.7178779586938613,[-2.71787796]
641,-2.516676709722775,[-2.51667671]
642,-3.4153967796359916,[-3.36249814]
643,-3.1354942159291497,[-7.73621378]
644,-2.5086519809324077,[-2.50865198]
645,-2.418883345200636,[-2.41888335]
646,-2.507841478467067,[-2.50784148]
647,0.7150798407567559,[-1.91959666]
648,-1.9804065847987888,[-1.98040658]
649,-4.59511985013459,[-4.59511985]
650,0.5276327420823718,[0.52763274]
651,0.005167659285107477,[0.00516766]
652,1.2628643221541276,[-1.04892662]
653,-1.3718198062840194,[-0.77608359]
654,2.2072749131897207,[2.20727491]
655,0.16010263207867048,[0.16010263]
656,3.0791138824930417,[3.07911388]
657,-0.9185656181898544,[-0.91856562]
658,0.20775772198083287,[1.43616802]
659,5.626821433520073,[0.91955401]
660,-3.6375861597263857,[-3.63758616]
661,-3.4011973816621555,[-3.40119738]
662,-3.1354942159291497,[-3.13549422]
663,-0.9932517730102834,[-0.99325177]
664,-5.3471075307174685,[-2.14686235]
665,-3.1354942159291497,[-3.13549422]
666,-8.66561319653451,[-8.6656132]
667,4.14169728868852,[4.14169729]
668,4.594357223216321,[4.59435722]
669,4.3428059215206005,[4.34280592]
670,5.005647752585217,[4.374823]
671,4.422848629194137,[4.42284863]
672,7.523941418405953,[7.52394142]
673,5.426150738057921,[5.42615074]
674,4.186839940369897,[4.62222464]
675,4.7928403671892825,[4.27259085]
676,4.9195734597298975,[4.40211323]
677,5.332983220894043,[4.35691614]
678,4.9493856048140215,[3.77561917]
679,5.751466929777482,[4.5082841]
680,5.781474510839638,[4.31276583]
681,6.328638016851804,[6.32863802]
682,5.0206856299497575,[5.02068563]
683,2.8307927129782064,[2.83079271]
684,0.3710636813908319,[0.21295892]
685,2.302585092994046,[1.07688069]
686,1.9284754878989037,[1.92847549]
687,0.44628710262841936,[0.4462871]
688,-1.6036546996557297,[-1.6036547]
689,-1.9832555953561082,[-1.9832556]
690,-1.5686159179138452,[-1.92299793]
691,0.010050335853501286,[0.01005034]
692,-7.244227515603349,[-7.24422752]
693,6.502290170873972,[6.50229017]
694,5.403677882205863,[5.40367788]
695,3.9818891117885338,[3.83084407]
696,3.9345144396321623,[2.7906897]
697,-5.298317366548036,[-5.29831737]
698,-1.2809338454620642,[-1.28093385]
699,2.312635428847547,[2.69648676]
700,-1.8016607828761448,[-2.63990183]
701,-0.5877866649021191,[-0.58778666]
702,3.0383392158395672,[1.87036886]
703,-2.4849066497880004,[-2.48490665]
704,-4.787491742782046,[-4.78749174]
705,2.6963417989759693,[2.6963418]
706,2.376557445271938,[2.37655745]
707,0.5113814881923359,[1.85439227]
708,6.319968614080018,[6.31996861]
709,2.682667002911067,[-1.8104712]
710,-0.9806716636826676,[-0.98067166]
711,1.740120294501304,[1.81055377]
712,1.469675970058942,[2.36337534]
713,6.502290170873972,[6.50229017]
714,2.381159204167736,[3.26298276]
715,-0.5591489144793325,[-1.55690217]
716,-1.029619417181158,[-1.02961942]
717,-5.305761672794912,[-5.30576167]
718,2.741401025145378,[3.29855302]
719,2.9015846516641703,[0.92637912]
720,-2.8903717578961654,[-2.89037176]
721,1.3862943611198906,[1.38629436]
722,2.577021938695806,[1.12609729]
724,1.0216512475319812,[0.32658738]
725,-0.7031490646747777,[-0.70314906]
726,0.9162907318741552,[0.91629073]
727,2.60466555833443,[4.42705891]
728,0.7098976086358553,[0.70989761]
729,3.4735779147016803,[3.47357791]
730,1.2729656758128876,[1.27296568]
731,0.0,[0.]
732,-0.1823215567939546,[2.0798946]
733,-4.700480365792417,[-4.70048037]
734,-5.634789603169249,[-8.87709131]
735,-6.456931051413496,[-4.16442307]
736,-5.069394842016068,[-5.06939484]
737,-8.033692420002739,[-8.03369242]
738,-4.787491742782046,[-4.78749174]
739,0.9416085398584448,[0.94160854]
740,-14.403297222866394,[-14.40329722]
741,1.4337403803574793,[1.43374038]
742,-19.413932516962646,[-19.41393252]
743,-2.841279419102287,[-2.84127942]
744,-5.247024072160486,[-5.24702407]
745,2.900422093749666,[2.90042209]
746,0.5621189181535412,[0.56211892]
747,-6.1092475827643655,[-6.10924758]
748,-2.9444389791664407,[-2.94443898]
749,-7.495541943884256,[-11.92939593]
750,3.863232841258714,[3.86323284]
751,0.9416085398584448,[0.94160854]
752,-0.7419373447293773,[-0.74193734]
753,-5.135798437050261,[-5.13579844]
754,-2.31258135814238,[-2.31258136]
755,-2.101300068633652,[-2.10130007]
756,-4.103477553618139,[-4.10347755]
757,1.6607312068216509,[1.66073121]
758,-4.499809670330264,[-4.49980967]
759,-8.455317787698151,[-8.45531779]
760,-9.392661928770137,[-9.39266193]
761,-5.828945617610208,[-4.11027101]
762,-6.709304340258298,[-6.70930434]
763,-4.605170185988091,[-2.2044115]
764,-0.9932517730102834,[-0.99325177]
765,-6.363028103540465,[-6.3630281]
766,-4.189654742026425,[-4.69897757]
767,-7.244227515603349,[-7.24422752]
768,-12.429216196844385,[-10.46375467]
769,-5.010635294096256,[-4.14730335]
770,-18.951308995014536,[-18.951309]
771,-8.202388611538257,[-11.79069828]
772,-1.824549292051046,[-1.82454929]
773,3.381394754365976,[3.38139475]
774,-0.3364722366212129,[-0.33647224]
775,1.5141277326297755,[-2.44085562]
776,-4.330733340286331,[-4.33073334]
777,-6.1092475827643655,[-6.10924758]
778,-23.858760052875557,[-23.85876005]
779,-0.4054651081081645,[-0.40546511]
780,4.017383521085971,[4.01738352]
781,-2.302585092994045,[-1.27203239]
782,-45.00187973538224,[-45.00187974]
783,2.718100536955712,[2.05639293]
784,-8.853665428037448,[-8.85366543]
785,-10.518673191626359,[-10.51867319]
786,-1.1939224684724346,[-1.19392247]
787,0.2148501783798505,[0.05360282]
788,0.4533637838600059,[0.45336378]
789,0.19845093872383826,[0.19845094]
790,-0.5877866649021191,[-5.31169951]
791,0.2744368457017604,[0.27443685]
792,0.4012125819431471,[0.40121258]
793,1.5141277326297755,[1.51412773]
794,0.7033029642776099,[0.7133345]
795,1.824829370480328,[0.33359209]
796,0.3285040669720359,[0.31004929]
797,1.2729656758128876,[1.24699503]
798,-7.3132203870903005,[1.4273525]
799,0.9800137942813524,[0.7856316]
800,1.0910402799068653,[1.09104028]
801,1.4271163556401458,[1.32001078]
802,1.6607312068216509,[1.5153657]
803,2.407945608651872,[2.40794561]
804,0.7314321782463403,[0.73143218]
805,0.8971113652793969,[1.14298177]
806,1.6607312068216509,[1.66073121]
807,2.385966701933097,[1.81373958]
808,3.6496587409606547,[4.22019057]
809,1.7561692572137315,[1.75616926]
810,3.270169119255751,[3.27016912]
811,2.311750743985344,[2.31175074]
812,2.5985545106926136,[2.59855451]
813,7.0565176465249415,[7.05651765]
814,-1.3862943611198906,[5.71963684]
815,-8.66561319653451,[-8.6656132]
816,0.6161861394238168,[0.61618614]
817,1.1086626245216111,[1.10866262]
818,-0.387689349903133,[-0.38768935]
819,0.8675005677047231,[4.20802784]
820,-8.732304571033183,[-8.73230457]
821,1.8971199848858813,[1.89711998]
822,0.6189021261948435,[-2.22059988]
823,-1.851991777093806,[-1.45754218]
824,-1.4989684857276249,[-1.49896849]
825,-1.1561542760469865,[-1.11344725]
826,-1.1314021114911006,[-1.13140211]
827,0.07172512722167768,[-1.66770682]
828,-1.6677068205580758,[-1.66770682]
829,0.835099052681388,[0.83509905]
830,-1.3609765531356006,[-1.36097655]
831,-2.19722457733622,[-1.7982634]
832,-5.787480427944842,[-5.78748043]
833,-9.204304081359046,[-8.25301555]
834,-5.828945617610208,[-5.82894562]
835,0.06107131828756344,[0.06107132]
836,0.0,[-0.03094671]
837,2.0901800059272024,[2.09018001]
838,1.5031897131329008,[1.50318971]
839,-4.199011022478485,[-4.19901102]
840,-4.787491742782046,[-4.78749174]
841,-2.1096900833227727,[-1.06901539]
842,-11.22381214288074,[-8.97937179]
843,-5.5084942268489945,[-5.50849423]
844,0.3566749439387322,[0.35667494]
845,-12.154779351142626,[-12.15477935]
846,-7.244227515603349,[-7.24422752]
847,-4.248495242049359,[-4.24849524]
848,-4.787491742782046,[-4.78749174]
849,0.0,[0.]
850,-1.4350845252893227,[-1.43508453]
851,-0.4700036292457356,[-0.47000363]
852,-1.589235205116581,[-0.92706899]
853,-0.8613832988705517,[0.52401745]
854,1.4271163556401458,[1.42711636]
855,-18.951308995014536,[-12.79698828]
856,-3.4339872044851463,[-3.4339872]
857,0.5288098814617269,[0.52880988]
858,0.3857875048153604,[3.27654677]
859,-1.4350845252893227,[2.85621727]
860,0.2772401672331084,[0.27724017]
861,0.1393187827452133,[0.13931878]
862,-0.4669330919978223,[-0.43807711]
863,-10.668955394675699,[-3.80046928]
864,0.5108256237659906,[0.05129329]
865,0.05129329438755048,[0.05129329]
866,-0.1823215567939546,[-0.04724927]
867,-0.3364722366212129,[-0.33647224]
868,-0.301586247117748,[-0.30158625]
869,-0.0953101798043249,[-0.09531018]
870,0.14499435911371356,[0.04840221]
871,-0.9932517730102834,[-0.99325177]
872,-0.3364722366212129,[-0.30158625]
873,0.6539264674066639,[0.65392647]
874,1.384696915671631,[0.97756583]
875,0.28768207245178085,[0.28768207]
876,4.201932253054617,[4.20193225]
877,-20.076863827930136,[-20.07686383]
878,-20.12542883619079,[-14.48996342]
879,-3.58351893845611,[-2.56472976]
880,-2.3978952727983707,[-2.56472976]
881,-2.393169687090797,[-0.68081679]
882,-1.5040773967762742,[-1.5040774]
883,-1.3862943611198906,[-1.60564798]
884,-1.8324214381428476,[-1.83242144]
885,0.020202707317519254,[-1.37287835]
886,-0.6931471805599453,[-0.69314718]
887,-1.5475625087160132,[-1.54756251]
888,0.21072103131565253,[0.21072103]
889,-2.8544121519081407,[-2.85441215]
890,2.9565115604007097,[2.95651156]
891,-4.605170185988091,[-4.60517019]
892,0.9210556186738031,[0.92105562]
893,-18.515990923756693,[-18.51599092]
894,-19.296149481306266,[-19.29614948]
895,-3.49650756146648,[-3.49650756]
896,-4.787491742782046,[-4.78749174]
897,2.2695277510954712,[2.26952775]
898,0.922438552196236,[0.92243855]
899,1.3117461683612428,[1.31174617]
900,1.7083702617385366,[1.70837026]
901,2.3644604967121334,[2.3644605]
902,1.8986047683356748,[1.89860477]
903,6.319968614080018,[-8.71449357]
904,-6.657722426645442,[-6.65772243]
905,2.2451195145968974,[2.38690185]
906,3.068823528643032,[3.06882353]
907,1.6027262826751518,[1.60272628]
908,0.2744368457017604,[0.27443685]
909,2.6592600369327783,[2.65926004]
910,3.540459448995663,[3.54045945]
911,-8.853665428037448,[-8.85366543]
912,-15.930722678240473,[-10.52210195]
913,-11.002099841204238,[-11.00209984]
914,-16.300417207752275,[-15.02762272]
915,-8.150070497288935,[-6.07128354]
916,-6.753812889097487,[-6.75381289]
917,-0.26225044702869393,[-0.26225045]
918,-5.247024072160486,[-5.24702407]
919,-5.247024072160486,[-5.24702407]
920,2.453407982728629,[2.45340798]
921,1.3470736479666092,[1.34707365]
922,-9.158199808964635,[-9.15819981]
923,-5.010635294096256,[-5.01063529]
924,-5.234400680793094,[-5.23440068]
925,-6.754492698855506,[-6.7544927]
926,-4.499809670330264,[-4.49980967]
927,0.17691093747816294,[0.17691094]
928,-5.247024072160486,[-3.958009]
929,-1.029619417181158,[-1.02961942]
930,-12.429216196844385,[-12.76882561]
931,-4.382026634673881,[-4.38202663]
932,-4.605170185988091,[-4.60517019]
933,-6.0867747269123065,[-6.08677473]
934,-2.091864061678393,[-2.09186406]
935,-12.676076274775909,[-12.67607627]
936,-0.5306282510621704,[1.1492954]
937,-0.6931471805599453,[-0.69314718]
938,0.010050335853501286,[0.01005034]
939,-3.7612001156935615,[-0.5741365]
940,-3.555348061489413,[-3.14527188]
941,-5.247024072160486,[-4.97900362]
942,-7.901007051992421,[-7.90100705]
943,-0.1823215567939546,[-0.18232156]
944,-0.7792572821275427,[-0.77925728]
945,-16.454567887579532,[-16.45456789]
946,-10.203592144986468,[-11.04502295]
947,-10.308952660644293,[-10.30895266]
948,-11.097410021008564,[-12.47908232]
949,-10.451111782042908,[-7.34241195]
950,-2.4849066497880004,[-2.48490665]
951,-4.499809670330264,[-4.49980967]
952,-4.899063518439152,[-4.89906352]
953,-13.652991628466498,[-13.65299163]
954,0.23572233352106975,[0.23572233]
955,0.3285040669720359,[0.32850407]
956,-1.648658625587382,[-1.64865863]
957,-9.392661928770137,[-9.39266193]
958,-7.492290655140472,[-8.9082905]
959,-8.268731832117737,[-7.83207141]
960,-13.41503299136715,[-13.41503299]
961,-6.063785208687607,[-6.06378521]
962,-4.007333185232471,[-8.6553074]
963,-4.51085950651685,[-8.80350641]
964,-10.757902880692196,[-10.75790288]
965,-8.00592560314103,[-8.0059256]
966,-7.549609165154532,[-7.54960917]
967,-12.542544882151384,[-11.76124154]
968,-9.615805480084347,[-9.61580548]
969,4.562856528174375,[4.56285653]
970,-7.581549181868423,[-7.58154918]
971,-8.024576898638314,[-7.32763522]
972,-5.218526331635804,[-6.46884589]
973,-5.010635294096256,[-5.01063529]
974,-11.457357416337269,[-11.45735742]
975,-3.8501476017100575,[-3.8501476]
976,-11.918390573078392,[-11.91839057]
977,-0.6931471805599453,[-3.93293178]
978,-11.608235644774554,[-11.60823564]
979,-10.0162396720077,[-10.01623967]
980,-4.204692619390967,[-4.20469262]
981,1.6607312068216509,[1.66073121]
982,-16.300417207752275,[-16.30041721]
983,-12.7150448383305,[-12.71504484]
984,-17.840862248699427,[-9.32860263]
985,-5.393627546352363,[-6.72451777]
986,-9.305650551780507,[-9.30565055]
987,-13.17183335133178,[-13.17183335]
988,-6.907755278982138,[-6.90775528]
989,-9.392661928770137,[-9.39266193]
990,-23.858760052875557,[-11.05994047]
991,-7.901007051992421,[-3.96805006]
992,-9.472704636443671,[-9.47270464]
993,-4.418840607796597,[-7.6353567]
994,-6.633318433280377,[-6.63331843]
995,-25.510757579728452,[-9.41304294]
996,-24.278613898435825,[-7.35989297]
997,-13.102160670086805,[-13.10216067]
998,-9.137769679141348,[-6.72431558]
999,-5.966146739123692,[-5.96614674]
1000,-5.128829683128371,[-5.12882968]
1001,-2.1041341542702074,[-2.10413415]
1002,0.4004775665971253,[0.40047757]
1003,1.6906973771829876,[1.69069738]
1004,-2.3978952727983707,[-2.39789527]
1005,-7.844425007092376,[-7.84442501]
1006,-9.850807294707216,[-9.85080729]
1007,-8.732304571033183,[-5.15033482]
1008,-4.174387269895637,[-4.02535169]
1009,-4.02535169073515,[-4.02535169]
1010,-18.82614585206053,[-18.82614585]
1011,-5.0751738152338275,[-5.07517382]
1012,-6.131226489483139,[-6.13122649]
1013,-13.710150042306447,[-13.71015004]
1014,-7.696212639346408,[-7.69621264]
1015,-2.8332133440562166,[-2.83321334]
1016,-13.222607807779033,[-13.22260781]
1017,-14.603967918328545,[-14.60396792]
1018,-12.706847933442663,[-13.91110492]
1019,-16.523560759066484,[-16.52356076]
1020,-9.305650551780507,[-8.48981976]
1021,-7.936949254710092,[-7.93694925]
1022,-7.6496926237115135,[-8.40795978]
1023,-5.559941438430312,[-5.55994144]
1024,-3.80666248977032,[-6.66450279]
1025,-8.534175506205333,[-8.53417551]
1026,-8.188689124444199,[-14.81259466]
1027,-10.126631103850338,[-10.1266311]
1028,-9.946117474511539,[-9.94611747]
1029,-13.161584090557609,[-13.16158409]
1030,-4.941642422609305,[-4.94164242]
1031,-2.0281482472922856,[-2.02814825]
1032,-14.771022002991712,[-10.54116084]
1033,-1.7578579175523736,[-1.75785792]
1034,-8.96187901267768,[-8.96187901]
1035,-4.59511985013459,[-4.59511985]
1036,-9.392661928770137,[-9.86290249]
1037,-1.824549292051046,[0.05338484]
1038,-18.75715298057358,[-9.17604031]
1039,-5.3471075307174685,[-5.34710753]
1040,-1.1631508098056809,[-1.16315081]
1041,-13.9108207377686,[-13.91082074]
1042,3.846431939311273,[3.84643194]
1043,4.135166556742356,[4.13516656]
1044,4.609374334192165,[3.34000591]
1045,4.933413111642831,[4.93341311]
1046,4.712654151788695,[4.71265415]
1047,5.107234689532161,[2.15267186]
1048,4.961845129926823,[4.96184513]
1049,4.988331725668714,[3.45508035]
1050,5.5412014283130695,[5.54120143]
1051,5.4456371430576755,[0.97698005]
1052,5.298317366548036,[5.29831737]
1053,-8.935903526274423,[-8.93590353]
1054,5.253214232604964,[0.96518831]
1055,-5.959652867522878,[-6.0456765]
1056,-4.309222142177549,[-4.30922214]
1057,-4.160768546598572,[-4.16076855]
1058,-4.265843818783345,[-5.75361422]
1059,-4.277437129191963,[-4.27743713]
1060,-4.605170185988091,[-4.32357802]
1061,-2.302585092994045,[-2.30258509]
1062,-1.3182968852234904,[-0.77418064]
1063,-0.11311261749953665,[-0.11311262]
1064,-0.2623642644674911,[-0.10052037]
1065,-5.4380793089231965,[-5.43807931]
1066,1.5606477482646683,[1.56064775]
1067,0.5621189181535412,[0.56211892]
1068,-0.4700036292457356,[-0.47000363]
1069,2.120263536200091,[2.12026354]
1070,-0.1823215567939546,[-0.18232156]
1071,-3.218875824868201,[-3.0840531]
1072,3.423131414019955,[-0.57170603]
1073,3.540459448995663,[3.54045945]
1074,3.772261063052988,[3.77226106]
1075,4.0745419349259215,[4.07454193]
1076,4.615220521841593,[4.61522052]
1077,1.5606477482646683,[1.56064775]
1078,-10.043249494911286,[-3.56920167]
1079,-3.5263605246161616,[-3.52636052]
1080,-8.242756345714477,[-8.24275635]
1081,-9.392661928770137,[-9.39266193]
1082,-9.305650551780507,[-9.30565055]
1083,0.03360437484672496,[-3.13120405]
1084,1.5338560953238831,[1.5338561]
1085,1.3302031805191945,[1.33020318]
1086,2.0612989626179026,[1.06740261]
1087,2.457487813643096,[1.63472759]
1088,2.5902671654458267,[1.25854965]
1089,3.0576076772720784,[3.05760768]
1090,-23.814308290304734,[-23.81430829]
1091,5.496768305271875,[5.49676831]
1092,0.8842521239012379,[-0.02812415]
1093,0.16251892949777474,[0.16251893]
1094,1.5422227686742969,[1.54222277]
1095,1.5937765317400243,[0.72493021]
1096,0.15899877538359505,[0.15899878]
1097,-5.247024072160486,[-4.70631874]
1098,-5.0588290370332905,[-5.05882904]
1099,1.6094379124341005,[1.60943791]
1100,-7.3132203870903005,[-7.31322039]
1101,-4.870484311519176,[-4.87048431]
1102,-6.905615089714496,[-6.90561509]
1103,-9.303165045419496,[-9.30316505]
1104,-1.8113867308086484,[-1.81138673]
1105,-2.8903717578961654,[-2.89037176]
1106,-0.9389436685259384,[-2.46087519]
1107,-6.222150917131213,[-6.22215092]
1108,2.6069881090571427,[2.60698811]
1109,-0.021006835556636363,[-0.02100684]
1110,-5.501493970452434,[-3.6268254]
1111,-6.40820427117686,[-6.40820427]
1112,-1.0193097735797902,[-1.01930977]
1113,0.4473869442059527,[0.44738694]
1114,0.3309211653657664,[0.33092117]
1115,1.2378743560016174,[1.23787436]
1116,-6.429719478039137,[-0.32486947]
1117,-0.09901542524956708,[-0.09901543]
1118,-2.2407096892759584,[-2.24070969]
1119,-5.957211302455393,[-5.9572113]
1120,-2.7080502011022096,[-2.7080502]
1121,-5.247024072160486,[-3.63744483]
1122,-3.303527118883205,[-3.30352712]
1123,-3.1354942159291497,[-3.13549422]
1124,-1.4382726283268106,[-1.43827263]
1125,-0.24244612086974304,[-0.6109416]
1126,0.07257069283483518,[-2.88481987]
1127,1.864850724317096,[1.86485072]
1128,-0.5877866649021191,[-0.58778666]
1129,-1.0986122886681098,[-1.09861229]
1130,7.4201408473741,[7.42014085]
1131,7.168698564544845,[7.72873583]
1132,9.014309015565539,[9.01430902]
1133,13.112629483753107,[13.11262948]
1134,7.728735831051968,[7.72873583]
1135,7.6721643968056865,[7.90316985]
1136,8.698857703861233,[8.6988577]
1137,9.846823209882627,[9.84682321]
1138,14.358637378495185,[8.68275615]
1139,7.402051600796917,[7.4020516]
1140,7.4524824544238095,[7.45248245]
1141,11.176453228349017,[7.94606336]
1142,15.477628728227286,[15.47762873]
1143,13.454378083084865,[13.45437808]
1144,10.596634733096073,[8.02662878]
1145,11.165473419865307,[11.16547342]
1146,12.32469388337703,[12.32469388]
1147,6.533980317865255,[6.53398032]
1148,6.6483583822745524,[7.45687896]
1149,8.947976107508694,[8.94797611]
1150,6.541571332125522,[6.29293452]
1151,7.1954373514339185,[7.19543735]
1152,7.505592279737757,[7.50559228]
1153,7.414726509473497,[5.93387565]
1154,5.005647752585217,[5.00564775]
1155,2.4248268529247903,[2.42482685]
1156,0.6542228155378197,[0.69615819]
1157,0.7985076962177716,[0.7985077]
1158,-0.3809827008293871,[-0.3809827]
1159,1.5769111363211457,[-0.82546706]
1160,1.448396162849544,[-0.23127793]
1161,3.889859758338536,[3.88985976]
1162,-0.3364722366212129,[-0.33647224]
1163,-6.684611727667928,[-6.68461173]
1164,-5.703782474656202,[-5.70378247]
1165,-4.336341484014967,[-4.85982613]
1166,1.9661128563728327,[-4.70022628]
1167,7.781776483261268,[7.78177648]
1168,5.221356325411908,[5.22135633]
1169,5.185148145442672,[4.94430954]
1170,6.7689394106829965,[6.76893941]
1171,7.024289095238088,[7.0242891]
1172,11.640758836480115,[11.64075884]
1173,4.911986685128567,[4.91198669]
1174,6.3741175332800974,[1.96327647]
1175,6.934762965035564,[6.93476297]
1176,5.1671352343142924,[2.69968192]
1177,-1.1314021114911006,[-1.13140211]
1178,-2.6390573296152593,[-1.10881551]
1179,-0.5323553684962141,[-0.53235537]
1180,-16.99356438831222,[-16.99356439]
1181,-8.454184771124494,[-8.45418477]
1182,-1.8854820843333024,[-1.88548208]
1183,2.577021938695806,[-3.82597173]
1184,1.8345384134088785,[1.83453841]
1185,1.1822253567868877,[1.18222536]
1186,-6.476972362889682,[-6.47697236]
1187,3.4636169064687543,[3.46361691]
1188,-3.8501476017100575,[-3.8501476]
1189,-2.772588722239781,[-6.63633048]
1190,-7.937374696163295,[-3.44790059]
1191,-6.907755278982138,[-3.25419451]
1192,-5.703782474656202,[-8.721168]
1193,-6.063785208687607,[-6.70505423]
1194,-4.59511985013459,[-5.61453277]
1195,-5.7678324759698585,[-5.76783248]
1196,7.053098977154961,[7.05309898]
1197,5.565887269000085,[5.56588727]
1198,5.572754212249796,[7.08087635]
1199,5.951986032588352,[5.95204496]
1200,7.991073651034457,[7.99107365]
1201,6.845676020141194,[6.84567602]
1202,6.362970582426842,[6.36297058]
1203,4.901366106887134,[4.90136611]
1204,7.374842520172824,[7.37484252]
1205,4.572123412510685,[6.61650151]
1206,5.421466349396063,[5.42146635]
1207,3.700072915545511,[8.78258412]
1208,5.379080406005849,[5.37908041]
1209,6.3543556419914555,[6.35435564]
1210,7.265012881887696,[7.26501288]
1211,7.450974310967448,[7.45097431]
1212,5.952243833954701,[5.95224383]
1213,5.652717882113451,[5.65271788]
1214,4.550582946536206,[4.55058295]
1215,7.36581924309289,[7.36581924]
1216,5.572754212249796,[9.93130127]
1217,4.268697949366879,[4.26869795]
1218,3.4768682226813663,[3.47686822]
1219,6.080645251379139,[6.08064525]
1220,9.6566274746046,[9.65662747]
1221,7.5284323679677305,[7.52843237]
1222,7.672681675068637,[7.67268168]
1223,6.6453910145146455,[6.64539101]
1224,3.912023005428147,[3.91202301]
1225,5.991464547107983,[6.19678621]
1226,7.845203579498737,[8.55406019]
1227,7.929406526514119,[8.72433138]
1228,7.875339305243844,[7.80252395]
1229,5.339139361068292,[8.92146429]
1230,4.017383521085971,[8.63960453]
1231,5.843044541989709,[5.84304454]
1232,5.809142990314027,[5.80914299]
1233,7.9007792232024325,[7.90077922]
1234,7.600902459542082,[7.60090246]
1235,7.600902459542082,[7.60090246]
1236,8.294049640102028,[8.29404964]
1237,7.849363818840582,[7.84936382]
1238,7.929406526514119,[7.92940653]
1239,7.929406526514119,[7.92940653]
1240,8.411657706376268,[8.41165771]
1241,8.2170885989659,[10.72032501]
1242,4.892852258439873,[9.57338973]
1243,8.740336742730447,[8.74033674]
1244,8.2170885989659,[8.2170886]
1245,8.740336742730447,[8.74033674]
1246,6.214608098422191,[6.2146081]
1247,8.679712120914012,[8.67971212]
1248,8.377431249041079,[8.37743125]
1249,6.502290170873972,[6.50229017]
1250,8.145629634983754,[8.22769184]
1251,7.849363818840582,[7.84936382]
1252,5.8781358618009785,[5.87813586]
1253,-0.2560271681567837,[-0.25602717]
1254,-2.6163188741508305,[1.44407273]
1255,-1.6359386844495885,[-1.63593868]
1256,-3.1097401414737043,[-3.10974014]
1257,5.527766791368372,[2.13920317]
1258,8.301291129355846,[8.04009545]
1259,7.875339305243843,[7.96434189]
1260,8.064589985830647,[8.06458999]
1261,6.234003885786921,[6.23400389]
1262,6.7047009630994765,[6.70470096]
1263,6.9314416838513395,[6.93144168]
1264,7.471203855282007,[7.47120386]
1265,6.971666127692967,[7.00962161]
1266,7.462996509601434,[7.46299651]
1267,6.214608098422191,[6.2146081]
1268,5.3673620547972485,[5.36736205]
1269,5.195055864439611,[5.36736205]
1270,4.934663619484975,[4.93466362]
1271,5.815877226086534,[7.35553223]
1272,6.812445099177812,[6.8124451]
1273,6.725433722188183,[6.72543372]
1274,5.7763531674910364,[5.77635317]
1275,4.0745419349259215,[4.07454193]
1276,4.155089511015955,[4.15508951]
1277,3.7760561476863255,[4.07454193]
1278,6.812445099177812,[6.8124451]
1279,7.5616817463888015,[7.68799879]
1280,3.0576076772720784,[9.28485291]
1281,7.071266483000683,[5.3092408]
1282,7.644261226885818,[7.64426123]
1283,1.9103662865786175,[2.8668237]
1284,2.638114525486272,[2.63811453]
1285,2.9442734825092702,[2.94427348]
1286,-0.3364722366212129,[-0.33647224]
1287,2.9520932695004607,[2.95209327]
1288,5.924519027735513,[6.33244398]
1289,5.626821433520073,[5.94668462]
1290,5.243870998818,[6.08413425]
1291,4.803621124711929,[6.12447261]
1292,5.694101396768247,[5.6941014]
1293,5.458545436161508,[5.41293886]
1294,5.107279882277597,[5.25892752]
1295,5.34606990573642,[5.3243527]
1296,5.919082550696364,[5.91908255]
1297,4.749308406998408,[4.95839129]
1298,5.834382619152242,[5.47108925]
1299,5.343369443794768,[5.0575209]
1300,4.218359625024873,[4.21835963]
1301,4.4062555021011045,[2.86755022]
1302,3.988702863398502,[5.50972354]
1303,5.5624358160038865,[5.94629082]
1304,7.385791079925138,[7.38579108]
1305,5.819703588626484,[5.55235264]
1306,5.914503505971854,[5.66857734]
1307,5.0206856299497575,[4.58273517]
1308,5.0206856299497575,[4.66268278]
1309,4.3428059215206005,[4.34280592]
1310,2.302585092994046,[2.30258509]
1311,2.577021938695806,[2.57702194]
1312,4.170431435959997,[4.17043144]
1313,3.7577931361872494,[3.74067591]
1314,3.1941832122778293,[2.29142351]
1315,4.268697949366879,[4.26869795]
1316,4.698802487885233,[4.69880249]
1317,1.0278137083044674,[1.02781371]
1318,-2.326753989922961,[-2.32675399]
1319,2.0562249863564457,[2.05622499]
1320,1.283109978696574,[1.28310998]
1321,1.4493027814116342,[1.44930278]
1322,0.8905368245859376,[0.89053682]
1323,2.5570245934526223,[2.55702459]
1324,3.99488583450556,[3.46903549]
1325,3.8288171830258184,[3.68738696]
1326,3.4540521836746736,[3.45405218]
1327,3.7274648061532747,[3.56672724]
1328,3.3285725502683667,[3.32857255]
1329,3.3483462666359887,[3.34834627]
1330,3.602799709585009,[3.3381864]
1331,3.681897523015797,[3.24139852]
1332,3.4444747118363703,[3.2654075]
1333,4.1430407352264265,[4.14304074]
1334,3.000464394175603,[3.00046439]
1335,2.9893953343006934,[2.98939533]
1336,2.6647817092243433,[2.79285518]
1337,3.2126645648689216,[3.13148008]
1338,3.022413267295847,[3.02241327]
1339,3.8175298783963663,[3.64074425]
1340,3.5249994348798834,[3.5150179]
1341,3.9463585521524753,[3.73709702]
1342,4.157765776546033,[3.96523898]
1343,3.9012581330630343,[3.42362677]
1344,4.068693915044325,[3.06595565]
1345,3.3633252396317666,[3.06882353]
1346,3.7219493553662093,[3.72194936]
1347,3.7249809188799903,[3.72498092]
1348,3.4901733919523186,[3.33662812]
1349,3.5125170840408155,[3.38646838]
1350,3.5186255802079685,[3.7349345]
1351,3.5393389757980214,[3.25378638]
1352,3.7247083638964753,[3.50487139]
1353,4.148333549181788,[3.62342099]
1354,3.655707180524544,[3.39319562]
1355,4.017383521085971,[3.62342099]
1356,3.5506039032009764,[3.39556141]
1357,3.862100337943288,[3.65568634]
1358,3.068823528643032,[3.06882353]
1359,3.2737357833074667,[3.33589464]
1360,3.366769912369292,[3.36676991]
1361,3.2315347288603458,[3.39389958]
1362,3.4742886367511963,[3.47428864]
1363,3.232898484253885,[3.67697847]
1364,3.4403957327708787,[3.64819358]
1365,3.6771677181123934,[3.67716772]
1366,4.036253685077397,[3.86187282]
1367,3.758665788563205,[3.85195633]
1368,4.625618062735108,[4.1899493]
1369,4.511872731098999,[4.1899493]
1370,3.3372564883779683,[3.46027342]
1371,3.911114501936777,[3.84111333]
1372,3.717323926499225,[3.74755452]
1373,4.471175970490588,[4.07085513]
1374,4.1520499879777635,[3.97370143]
1375,3.531070067450827,[3.85000892]
1376,4.2304189140428665,[4.2365596]
1377,4.700692252172479,[4.44400456]
1378,3.5439196704179503,[3.54391967]
1379,3.398211380279964,[3.47322098]
1380,3.8488168242509273,[3.84881682]
1381,4.427733524992039,[3.77145878]
1382,3.3320125470297697,[3.63850788]
1383,3.848954721617857,[3.84854688]
1384,3.4430086221546525,[3.7047759]
1385,3.805505296574201,[3.8055053]
1386,3.65493084660827,[3.74951734]
1387,3.7047759045603055,[3.7047759]
1388,4.307678720101734,[4.30767872]
1389,3.8954281702382465,[3.34613649]
1390,3.134771181996871,[3.62540012]
1391,4.040114708124351,[3.74858365]
1392,3.913274570537205,[3.60631887]
1393,3.3218259845444416,[3.64604321]
1394,3.5704745830749243,[3.73270788]
1395,4.382827275357368,[3.72949471]
1396,4.350558014788583,[4.03700505]
1397,3.4412706953168577,[3.38322327]
1398,3.796467144946453,[3.48574137]
1399,3.7132773482977903,[3.71745729]
1400,2.801852246311324,[2.80185225]
1401,3.5252357905918665,[3.52523579]
1402,3.769433534311315,[3.44746388]
1403,4.747679663504241,[4.74767966]
1404,3.3749852455064007,[3.20206765]
1405,3.4709844560310668,[3.67742468]
1406,3.6274536018018995,[3.6274536]
1407,4.300955489003439,[4.01652765]
1408,2.9881492243505656,[3.45943936]
1409,4.841321904257491,[4.0622111]
1410,3.4731561312429737,[3.95907846]
1411,4.782936555668068,[4.23225642]
1412,4.3318515101802095,[4.33185151]
1413,3.637240279387185,[3.63724028]
1414,4.016527648973092,[3.6803945]
1415,3.9153731173793127,[3.87274141]
1416,5.144134034725728,[3.90390093]
1417,4.836187915786371,[4.28320527]
1418,4.248911638629137,[4.24891164]
1419,5.990345799637886,[5.9903458]
1420,3.2646259544664344,[3.78002925]
1421,4.701356132311819,[4.00674952]
1422,3.781197785589701,[3.69088899]
1423,4.620399789730445,[3.80895156]
1424,3.3839882763560385,[3.9732871]
1425,3.824728545551432,[4.44426787]
1426,4.757686041381539,[4.29810818]
1427,4.299508800102143,[4.46104524]
1428,3.0620198628896564,[3.16093878]
1429,4.015842687817268,[3.68889623]
1430,2.980144490918457,[3.34483039]
1431,3.89967669913296,[3.57865741]
1432,4.03146895956932,[3.62542138]
1433,3.253028159600889,[3.51470639]
1434,3.9082869980087964,[3.79292968]
1435,4.291666496960391,[3.90119625]
1436,3.7760561476863255,[4.08606326]
1437,3.22549390495098,[3.58757581]
1438,3.710959902006821,[3.6538533]
1439,4.174781175016143,[3.93804053]
1440,5.0571042919258895,[5.05710429]
1441,3.564812791668673,[3.40931733]
1442,3.8409919336079104,[3.58616141]
1443,3.336816449853643,[3.66592724]
1444,4.208673928223261,[3.95850582]
1445,3.0381010612597468,[3.55816207]
1446,3.6286037516715735,[3.5235954]
1447,3.122331394007187,[3.63513153]
1448,4.388954407819102,[4.35493114]
1449,3.1996355645841685,[3.23598418]
1450,3.816712825623821,[3.49711418]
1451,2.3697671086036296,[2.9350196]
1452,3.273048801367459,[3.72884633]
1453,2.817487527578719,[3.80572776]
1454,3.947143177314088,[3.91190833]
1455,3.3885020508239703,[4.04036021]
1456,4.226639932836291,[3.72352665]
1457,3.646078203501847,[3.6460782]
1458,3.555227149046328,[3.77705269]
1459,4.197796583163937,[4.75579261]
1460,3.2582449540674103,[3.63360638]
1461,3.0686514166004244,[3.39433245]
1462,4.389278977775324,[3.76050012]
1463,3.8432301739518637,[3.7984756]
1464,3.247965727593517,[3.93963956]
1465,4.895079433614562,[4.48696571]
1466,4.9447923236835685,[4.44250721]
1467,3.940455196760232,[4.1787193]
1468,5.817546549472217,[5.81754655]
1469,2.9130090499172168,[3.84645851]
1470,3.926630098611096,[3.9266301]
1471,4.279007592968247,[4.08818108]
1472,3.7471796933197337,[4.14489884]
1473,4.9197871133962385,[4.59616322]
1474,3.649744723998985,[3.64974472]
1475,5.8181118406573615,[4.13568258]
1476,3.0085412617050102,[3.45173988]
1477,4.163963263790815,[3.88865575]
1478,4.599597299815425,[4.30307113]
1479,3.7472147936407016,[3.55115319]
1480,3.5096332732849804,[3.50889213]
1481,3.4515439904397938,[3.46237924]
1482,3.3125963947443835,[3.60647463]
1483,2.9243727440849425,[3.52881342]
1484,4.114505621961404,[3.85652638]
1485,3.6571104437119417,[3.67263463]
1486,3.129009897875949,[3.52881342]
1487,3.479524286684844,[3.99479531]
1488,3.504097861554108,[3.60359628]
1489,4.389278977775321,[3.9459412]
1490,3.185894250729949,[3.6619308]
1491,3.5369049316561094,[3.54843966]
1492,3.4603117287666216,[3.46031173]
1493,2.233380527583777,[3.63009975]
1494,2.5412788592703057,[3.84214423]
1495,2.846568228126112,[3.30985021]
1496,3.4711045586563447,[3.76051424]
1497,3.0693975857858327,[3.65272726]
1498,4.258596595708119,[3.7139963]
1499,3.860044738221226,[3.86004474]
1500,3.5053386530501056,[3.50533865]
1501,3.0636452764202837,[3.65072923]
1502,3.624709626386789,[4.03296287]
1503,2.328046414837401,[3.63009975]
1504,4.076275038914163,[3.69267664]
1505,4.251418018613311,[3.92371638]
1506,3.3911490524261767,[3.83296818]
1507,4.8283918684064515,[4.08049801]
1508,3.2044229001441256,[3.68315926]
1509,5.6456915975114965,[5.6456916]
1510,3.5819843657743102,[3.76446103]
1511,4.935048825354748,[4.4596978]
1512,3.3936605662001402,[3.41505127]
1513,3.2561702533637367,[3.51082355]
1514,3.3552725548472155,[3.63009975]
1515,4.0577007443371915,[3.89667327]
1516,3.545818909205442,[3.89667327]
1517,2.3951629937255645,[2.55977158]
1518,2.562285716206515,[3.49210385]
1519,2.7653772687687845,[3.0796397]
1520,4.426332963852184,[3.71084243]
1521,3.0160738408332493,[3.69671487]
1522,3.15543041542217,[3.55271614]
1523,4.5396560547848885,[4.041344]
1524,3.4431127671259567,[3.90996116]
1525,3.525032697287229,[3.5250327]
1526,3.218875824868201,[3.46065515]
1527,4.236588152999731,[3.88704518]
1528,3.4933992431612952,[3.49339924]
1529,3.4326453367947423,[3.43264534]
1530,4.9477596914434745,[4.8056657]
1531,4.64145553240551,[3.87003656]
1532,3.9767675065090025,[3.97676751]
1533,7.326350456262515,[7.32635046]
1534,-7.783224016336037,[-7.78322402]
1535,-1.7578579175523736,[-0.00356921]
1536,-8.131530710604252,[-8.13153071]
1537,0.5447271754416722,[2.47751449]
1538,-7.0030654587864625,[-5.00974442]
1539,-7.090076835776093,[-7.09007684]
1540,-6.593044534142437,[-6.59304453]
1541,-19.67344371244773,[-19.67344371]
1542,3.912023005428147,[3.91202301]
1543,1.2125079169598516,[1.21250792]
1544,3.1941832122778293,[3.19418321]
1545,-5.245637108719123,[2.00389045]
1546,4.467653560570966,[4.46765356]
1547,-2.3065927862911013,[-2.30659279]
1548,3.811100435471538,[3.92617189]
1549,0.8667362635745868,[3.69898334]
1550,2.547538407384503,[2.54753841]
1551,-2.5649493574615367,[-2.56494936]
1552,-0.6940552189841803,[-0.99411431]
1553,-2.5330306293206144,[-2.53303063]
1554,-3.1934490505163367,[-1.51981838]
1555,-1.0647107369924282,[-1.06471074]
1556,-1.0235133325095631,[-1.37123378]
1557,-0.4700036292457356,[-0.47000363]
1558,-0.9215398508633682,[-1.27634389]
1559,-3.7135720667043084,[-1.57454108]
1560,-0.916290731874155,[-0.91629073]
1561,-0.916290731874155,[-1.04176002]
1562,-0.8719753044378251,[-1.01087336]
1563,-1.587952592870837,[-1.58795259]
1564,-1.9740810260220096,[-1.97408103]
1565,-1.3624623605515342,[-1.56718802]
1566,-1.4586150226995167,[-1.45861502]
1567,-1.4968052586049296,[-1.49680526]
1568,-5.48063892334199,[-5.48063892]
1569,-7.170119543449628,[-7.17011954]
1570,-3.3672958299864737,[-6.68884764]
1571,-7.3132203870903005,[-2.51023658]
1572,-2.19722457733622,[-2.19002316]
1573,-2.1536143269866,[-2.15361433]
1574,2.302585092994046,[3.40352749]
1575,3.1010927892118167,[3.10109279]
1576,2.8473122684357177,[2.90568357]
1577,3.816712825623821,[3.81671283]
1578,4.422848629194137,[3.7911031]
1579,3.863232841258714,[3.7911031]
1580,4.733003557497977,[3.81671283]
1581,4.688551794927141,[3.60552857]
1582,6.074846156047032,[6.07484616]
1583,4.3428059215206005,[4.34280592]
1584,4.879607031689852,[4.87960703]
1585,4.567616449744688,[4.05973784]
1586,4.509860006183767,[4.50986001]
1587,5.403924856772504,[5.15010527]
1588,5.426150738057921,[5.07383306]
1589,5.035953102080546,[5.0359531]
1590,5.7763531674910364,[5.77635317]
1591,5.744604469176457,[5.0359531]
1592,6.165817934252759,[3.27399595]
1593,-1.240783874261243,[-1.24078387]
1594,-2.1162555148025524,[-2.11625551]
1595,-1.9807873921286967,[-1.98078739]
1596,-1.8633284092239832,[-2.54524767]
1597,1.3093333199837622,[1.30933332]
1598,2.396895772465287,[2.39689577]
1599,-2.6390573296152593,[-5.25269977]
1600,-3.80666248977032,[-3.80666249]
1601,-2.8903717578961654,[-0.06667186]
1602,-9.369472674198713,[-5.78590606]
1603,-6.163701499302528,[-6.1637015]
1604,-7.262138120492572,[-7.26213812]
1605,2.312635428847547,[2.31263543]
1606,-4.51085950651685,[-4.51085951]
1607,-5.598421958998375,[-5.59842196]
1608,-8.130681539784447,[-8.13068154]
1609,-8.216088098632316,[-7.25401904]
1610,-10.596634733096073,[-7.20935728]
1611,-10.571316925111784,[-10.57131693]
1612,1.6607312068216509,[1.66073121]
1613,-9.305650551780507,[-9.30565055]
1614,-9.104979856318355,[-9.21034037]
1615,-9.210340371976182,[-9.21034037]
1616,-1.4928409688502449,[-1.49284097]
1617,-1.5040773967762742,[-1.5040774]
1618,-8.039157390473237,[-6.13019085]
1619,-2.9957322735539913,[-2.99573227]
1620,-0.8329091229351039,[1.91075938]
1621,-8.216088098632316,[-8.2160881]
1622,-15.937610716847512,[-15.93761072]
1623,-3.7135720667043084,[-3.71357207]
1624,-4.127134385045092,[-4.12713439]
1625,-1.9459101490553132,[-1.94591015]
1626,-1.6094379124341005,[-1.60943791]
1627,-5.251162026812415,[-5.25116203]
1628,0.5978370007556204,[-2.67704612]
1629,-5.84762351088209,[-5.0528786]
1630,-5.135798437050261,[-5.13579844]
1631,-1.8041057755232408,[-1.8930114]
1632,0.38792180337109,[0.3879218]
1633,-0.18064510622965507,[-0.18064511]
1634,-2.5055567142897313,[-0.00253656]
1635,3.473768074496991,[3.47376807]
1636,2.120263536200091,[2.12026354]
1637,2.7337972839804037,[2.73379728]
1638,1.6607312068216509,[1.66073121]
1639,2.9957322735539913,[2.98420398]
1640,1.5606477482646683,[2.51506493]
1641,3.540459448995663,[3.54045945]
1642,3.688879454113936,[3.68887945]
1643,3.963316299815697,[2.45169264]
1644,3.1941832122778293,[2.93358828]
1645,2.9565115604007097,[2.95651156]
1646,4.017383521085971,[3.76380749]
1647,3.863232841258714,[3.73740478]
1648,4.135166556742356,[1.98963062]
1649,3.1700856606987684,[3.924086]
1650,4.605170185988092,[4.60517019]
1651,2.488914671185539,[2.86654621]
1652,4.017383521085971,[3.83488126]
1653,3.540459448995663,[3.54045945]
1654,3.5065578973199822,[3.5065579]
1655,4.3428059215206005,[2.81379909]
1656,4.268697949366879,[2.77657689]
1657,4.7914997641795845,[4.79149976]
1658,5.298317366548036,[3.67769406]
1659,7.5810998322459024,[7.58109983]
1660,9.55283068092296,[9.55283068]
1661,1.83258146374831,[1.83258146]
1662,0.35860471746404365,[0.03614559]
1663,-0.6389742040606871,[0.36227361]
1664,0.6693238538262688,[0.01237932]
1665,0.0943106794712412,[0.14170307]
1666,0.7972746499701748,[0.05654394]
1667,0.2744368457017604,[0.27443685]
1668,2.3685764794526616,[2.36857648]
1669,2.5932258375404675,[2.59322584]
1670,1.8971199848858813,[1.89711998]
1671,2.004161304777352,[2.0041613]
1672,0.7550225842780328,[1.54074438]
1673,1.3103387429796496,[1.31033874]
1674,0.8168008416855737,[0.81680084]
1675,-0.3517855933323842,[0.20247443]
1676,0.4310561277101356,[0.29900105]
1677,0.8342107860030735,[0.71466268]
1678,-1.3913598434136514,[-1.39135984]
1679,-0.018162728428023245,[-1.05820051]
1680,-1.6209050546732109,[-1.62090505]
1681,-0.2354896196556832,[-1.62090505]
1682,5.2785147392518565,[3.40667871]
1683,5.713832810509702,[3.78204263]
1684,0.6348782724359694,[0.63487827]
1685,3.540459448995663,[3.54045945]
1686,-0.4533919708173713,[-0.45339197]
1687,-1.826360049942835,[-1.82636005]
1688,-1.565895247930163,[-1.59920097]
1689,0.6758745283172148,[-2.5125609]
1690,-2.0014800002101243,[-2.00148]
1691,-0.12330919642084215,[1.10568929]
1692,-1.826926301600548,[-1.8269263]
1693,-3.3126961840039777,[-3.31269618]
1694,-4.3605137942946905,[-9.55321882]
1695,0.30110509278392145,[0.30110509]
1696,1.0498221244986776,[0.30110509]
1697,-10.34731864998952,[-10.34731865]
1698,-7.696212639346408,[-7.69621264]
1699,-8.843766247957944,[-8.84376625]
1700,-8.430016497843848,[-8.4300165]
1701,-5.646836491938523,[-5.64683649]
1702,-17.675147163095183,[-8.92846745]
1703,-10.46310334047155,[-10.46310334]
1704,-7.090076835776093,[-7.09007684]
1705,-7.740664401917241,[-7.7406644]
1706,5.334509910213098,[5.33450991]
1707,-4.5217885770490405,[-4.52178858]
1708,-5.48063892334199,[-5.48063892]
1709,0.8972610762127794,[-0.34068464]
1710,1.2609928290147103,[1.26099283]
1711,0.7648723077816229,[0.76487231]
1712,-0.1823215567939546,[-0.18232156]
1713,0.19845093872383826,[0.19845094]
1714,0.8877999194857755,[0.88779992]
1715,0.24846135929849955,[-3.90127966]
1716,-6.907755278982138,[-6.90775528]
1717,-1.3862943611198906,[-1.38629436]
1718,-4.787491742782046,[-4.78749174]
1719,1.0216512475319812,[1.02165125]
1720,-1.2809338454620642,[-1.28093385]
1721,-23.858760052875557,[-23.85876005]
1722,-8.927560800731987,[-8.9275608]
1723,-5.241452983883866,[-8.74819635]
1724,-8.312456626663385,[-8.66206701]
1725,-6.882108631788363,[-8.5325386]
1726,-6.49778655019799,[-7.76836565]
1727,-3.7612001156935615,[-3.76120012]
1728,-10.504222389590037,[-10.50422239]
1729,-6.536691597591305,[-8.37668744]
1730,-4.047497887962433,[-7.40483025]
1731,-2.4565335735088034,[-2.45653357]
1732,-7.0030654587864625,[-7.00306546]
1733,-11.918390573078392,[-8.51734381]
1734,-13.122363377404328,[-13.12236338]
1735,-9.546812608597397,[-9.54681261]
1736,-4.1058519596793435,[-4.55939175]
1737,-6.733259013075673,[-6.73325901]
1738,-1.648658625587382,[-7.28219565]
1739,-2.091864061678393,[-2.93269717]
1740,-1.1939224684724346,[-1.19392247]
1741,-9.472704636443671,[-9.47270464]
1742,0.16251892949777474,[0.16251893]
1743,-9.615805480084347,[-11.15676599]
1744,-12.206072645530176,[-12.20607265]
1745,-10.518673191626359,[-10.51867319]
1746,-6.099629185575548,[-6.09962919]
1747,-1.23574181472793,[-1.23574181]
1748,-6.364044818258556,[-6.23880326]
1749,-10.16585181700362,[-10.16585182]
1750,-10.48192815093217,[-10.48192815]
1751,-15.29711509888849,[-15.2971151]
1752,-4.605170185988091,[-6.28246014]
1753,-4.931332779007937,[-4.93133278]
1754,-2.302585092994045,[-2.30258509]
1755,-4.0874213083933055,[-2.42557897]
1756,-4.5895079222466455,[-3.3652255]
1757,-3.1780538303479458,[-3.5176621]
1758,-10.292001884806453,[-10.29200188]
1759,-9.30150115037316,[-9.55554762]
1760,-22.312501042062987,[-15.11809526]
1761,-11.037862911901946,[-11.03786291]
1762,-7.863266724009573,[-7.86326672]
1763,-7.549609165154532,[-7.54960917]
1764,-7.901007051992421,[-6.87837168]
1765,-7.780774840018327,[-7.78077484]
1766,-15.068273526459642,[-15.06827353]
1767,-5.913503005638269,[-5.91350301]
1768,-21.46064734150016,[-10.34490308]
1769,-6.0867747269123065,[-6.08677473]
1770,-5.991464547107983,[-5.99146455]
1771,-8.974618038455112,[-9.18569657]
1772,-15.497085214976584,[-15.49708521]
1773,-11.695247021764185,[-11.69524702]
1774,-10.692461175207493,[-10.69246118]
1775,-8.592639338819813,[-8.59263934]
1776,-4.941642422609305,[-4.94164242]
1777,-9.546812608597397,[-9.54681261]
1778,-8.987196820661973,[-9.29257579]
1779,-11.156250521031497,[-10.2629761]
1780,-7.244227515603349,[-12.59016267]
1781,-9.852194258148575,[-9.85219426]
1782,-6.709304340258298,[-6.70930434]
1783,-6.802394763324312,[-5.82361814]
1784,-12.154779351142626,[-12.15477935]
1785,0.0,[0.]
1786,6.489382466646457,[7.4004674]
1787,8.023547335843224,[7.6963663]
1788,7.206352351278154,[7.23325122]
1789,11.474477649304845,[9.84553199]
1790,10.609684461873336,[10.60968446]
1791,9.200489056686306,[6.68227862]
1792,9.688376172919185,[9.68837617]
1793,9.263020629805094,[9.26302063]
1794,10.487799944123116,[10.48779994]
1795,11.906822305484967,[11.90682231]
1796,11.71005915759511,[10.35230708]
1797,12.65956046037158,[7.60111526]
1798,8.191523369113284,[6.24533601]
1799,9.16268528207402,[9.16268528]
1800,8.873868135354972,[8.87386814]
1801,7.876344013810983,[7.87634401]
1802,8.3673068453195,[8.65986317]
1803,8.799973569934123,[9.03147851]
1804,8.679712120914012,[8.67971212]
1805,9.2305430792937,[9.39750859]
1806,9.115030192171858,[9.11503019]
1807,-5.501049920602119,[-5.50104992]
1808,2.312635428847547,[4.17338823]
1809,4.579516505609382,[1.41186638]
1810,6.089201440807762,[4.12488541]
1811,8.10324487310622,[3.84978001]
1812,7.846313083016089,[3.64395843]
1813,5.083205986931091,[5.08320599]
1814,-1.5040773967762742,[-1.5040774]
1815,-13.253391639810731,[-10.30407769]
1816,-10.275051108968613,[-10.27505111]
1817,0.3583102683727936,[-0.95364263]
1818,3.2441936328524905,[-9.14551763]
1819,-7.740664401917241,[-7.7406644]
1820,-7.6496926237115135,[-7.64969262]
1821,-2.4849066497880004,[-2.48490665]
1822,-9.392661928770137,[-9.39266193]
1823,-8.101677747454572,[-7.99694102]
1824,-17.034386382832476,[-5.19498384]
1825,0.010050335853501286,[0.01005034]
1826,-16.523560759066484,[-16.52356076]
1827,-8.160518247477505,[-6.87640374]
1828,-7.696212639346408,[-7.09468622]
1829,-15.404745763080854,[-3.08606896]
1830,-3.1354942159291497,[-4.88020663]
1831,-23.858760052875557,[-8.43892998]
1832,-16.012735135300492,[-16.01273514]
1833,-9.615805480084347,[-9.61580548]
1834,-5.828945617610208,[-5.82894562]
1835,-2.2925347571405443,[0.56868786]
1836,6.637062892985917,[6.63706289]
1837,4.422447286658195,[4.42244729]
1838,4.082622065868413,[4.08262207]
1839,4.082298213350144,[5.19260637]
1840,7.017041054249183,[7.01704105]
1841,4.27975295349906,[5.67295451]
1842,4.135166556742356,[4.13516656]
1843,2.4398035158449263,[2.43980352]
1844,7.111153330435709,[6.93903464]
1845,7.041160293584415,[7.34954301]
1846,4.878052742433419,[4.87805274]
1847,5.6611525526807895,[5.66115255]
1848,7.152596478241531,[6.75781467]
1849,7.1691200431165445,[7.34593936]
1850,7.775255846686861,[7.31094009]
1851,8.551536491522754,[8.87052003]
1852,7.883367400921677,[8.22131005]
1853,7.642152728687472,[7.64215273]
1854,8.111728083308073,[8.11172808]
1855,8.377431249041079,[8.37743125]
1856,8.564765292150101,[9.10655066]
1857,4.268697949366879,[4.26869795]
1858,2.847907152503512,[2.84790715]
1859,4.422848629194137,[4.42284863]
1860,6.377127027919967,[6.37712703]
1861,4.733003557497977,[4.73300356]
1862,5.352978481560363,[5.35297848]
1863,5.035953102080546,[5.35297848]
1864,4.656463480375642,[5.74267361]
1865,5.298317366548036,[5.0874695]
1866,4.731178037475462,[4.73117804]
1867,3.507113761746327,[4.24443824]
1868,5.914503505971854,[5.91450351]
1869,0.4355530403551315,[0.43555304]
1870,3.816712825623821,[3.81671283]
1871,6.502290170873972,[5.50487619]
1872,5.54310711824855,[5.39803162]
1873,4.0745419349259215,[4.07454193]
1874,5.809142990314027,[5.80914299]
1875,5.035953102080546,[5.0359531]
1876,6.377127027919967,[6.37712703]
1877,-8.318742252692399,[-8.31874225]
1878,-0.8329091229351039,[0.91583409]
1879,-0.8329091229351039,[-0.83290912]
1880,-7.3132203870903005,[-7.31322039]
1881,-7.718438520631825,[-8.38027621]
1882,-7.989416791812407,[-7.98941679]
1883,-4.219399561994114,[-1.50890288]
1884,3.540459448995663,[3.54045945]
1885,4.933674252960127,[4.93367425]
1886,4.509860006183767,[4.50986001]
1887,2.513306124309698,[2.51330612]
1888,3.2968373663379125,[3.0141912]
1889,4.1530611106681485,[4.15306111]
1890,0.0,[1.89598161]
1891,-3.610917912644224,[-3.61091791]
1892,-2.8903717578961654,[-2.89037176]
1893,-5.48063892334199,[-5.48063892]
1894,-3.0445224377234235,[-3.04452244]
1895,-13.9108207377686,[-6.98143798]
1896,-6.131226489483139,[-6.13122649]
1897,2.833251698198146,[2.8332517]
1898,2.4429913069349,[2.44299131]
1899,0.8705951414336222,[0.87059514]
1900,-2.2082744135228043,[-2.20827441]
1901,-0.05026280232301149,[-0.0502628]
1902,-0.1701236211405681,[-0.17012362]
1903,-1.7084531694423182,[1.27651141]
1904,-2.8903717578961654,[-2.89037176]
1905,-7.090076835776093,[-7.09007684]
1906,-10.126631103850338,[-10.1266311]
1907,-6.253828811575472,[-8.94789688]
1908,-13.541073712262516,[-13.54107371]
1909,-1.6863989535702288,[-1.68639895]
1910,-6.606650186198214,[-6.60665019]
1911,-9.591943243828787,[-10.50364533]
1912,-8.070906088787819,[-8.07090609]
1913,-9.903487552536127,[-9.90348755]
1914,-11.77528972943772,[-7.66174027]
1915,1.1711829815029449,[1.17118298]
1916,-0.15666787641524516,[-0.15666788]
1917,10.803514896353805,[10.8035149]
1918,8.85386546804812,[8.85386547]
1919,15.124843877948036,[15.12484388]
1920,5.240048458424061,[5.21833549]
1921,5.041358425304508,[6.59540761]
1922,5.390340218094449,[5.49783723]
1923,4.643311138315481,[4.64331114]
1924,4.509860006183767,[6.11323799]
1925,2.333246100490757,[8.33834328]
1926,4.990832666800077,[4.88898956]
1927,4.017383521085971,[4.01738352]
1928,4.3428059215206005,[2.99816498]
1929,-7.863721579663506,[-9.00316137]
1930,-5.48063892334199,[-5.48063892]
1931,-11.695247021764185,[-8.55760151]
1932,6.502290170873972,[6.50229017]
1933,9.721165995742174,[9.721166]
1934,7.8270379534411845,[7.82703795]
1935,-2.5649493574615367,[-2.56494936]
1936,6.237304139093374,[6.23730414]
1937,3.581168285168985,[5.8334296]
1938,5.383592917145556,[5.38359292]
1939,6.494096173382482,[6.60227946]
1940,6.839822578444107,[6.97276932]
1941,6.972769319383249,[6.97276932]
1942,7.447555423666175,[7.11428125]
1943,7.5810998322459024,[7.58109983]
1944,7.9575774034808155,[7.9575774]
1945,8.274439283525389,[8.27443928]
1946,4.732214182990108,[4.86162561]
1947,-2.6390573296152593,[-2.63905733]
1948,-4.867534450455582,[-4.86753445]
1949,-4.4067192472642525,[-4.40671925]
1950,-18.598117404948415,[-8.24721317]
1951,4.733003557497977,[6.06644282]
1952,5.700865517439452,[5.70086552]
1953,5.7994582188781925,[5.79945822]
1954,6.147233370392147,[6.14723337]
1955,6.535643478286295,[6.53564348]
1956,6.571283042360923,[6.57128304]
1957,1.469675970058942,[1.58790279]
1958,7.164336120763906,[7.16433612]
1959,5.1818197034829785,[5.1818197]
1960,5.472670753692816,[5.42953932]
1961,4.580142157629344,[4.58014216]
1962,5.684412560498236,[5.68441256]
1963,5.792748078902532,[5.43634526]
1964,5.472670753692816,[5.47267075]
1965,4.705260446512245,[4.70526045]
1966,5.269569540949812,[4.23206535]
1967,6.0322865416282365,[6.03228654]
1968,7.566811862528943,[4.81422414]
1969,3.863232841258714,[3.86323284]
1970,5.496768305271875,[5.49676831]
1971,5.504602822541269,[5.50460282]
1972,5.496768305271875,[5.49676831]
1973,3.5133382076551185,[3.51333821]
1974,3.2065295185730154,[3.56155811]
1975,3.259209776401928,[0.81575445]
1976,2.9274654940358644,[2.92746549]
1977,8.660457554033652,[4.26295629]
1978,-5.060505923739951,[-5.06050592]
1979,5.298317366548036,[5.29831737]
1980,-4.007333185232471,[-4.00733319]
1981,-12.971540487669744,[-12.97154049]
1982,-5.598421958998375,[-5.59842196]
1983,-2.7080502011022096,[-2.4089654]
1984,1.7062220127699868,[3.05855864]
1985,-8.496990484098719,[-7.59369466]
1986,3.1941832122778293,[2.23498367]
1987,-10.627534933548798,[-10.62753493]
1988,-3.9668984374077056,[-1.07072288]
1989,-6.8243736700430855,[-6.82437367]
1990,-9.998797732340453,[-9.99879773]
1991,-12.54402966560118,[-12.54402967]
1992,-8.665278659957504,[-8.66527866]
1993,-8.68492979751591,[-8.6849298]
1994,-8.02330577420042,[-8.02330577]
1995,-6.476972362889682,[-6.47697236]
1996,-3.58351893845611,[-3.58351894]
1997,-11.218478921058741,[-11.21847892]
1998,-18.75715298057358,[-18.75715298]
1999,-9.84453538008183,[-9.84453538]
2000,-6.612613560778817,[-10.37630951]
2001,-8.216088098632316,[-8.2160881]
2002,-9.740968623038354,[-10.76171775]
2003,-15.068273526459642,[-15.06827353]
2004,-4.4067192472642525,[-4.40671925]
2005,-5.0751738152338275,[-9.31150777]
2006,-11.314474526246391,[-9.19262852]
2007,-12.676076274775909,[-7.4229094]
2008,-17.216707939626428,[-17.21670794]
2009,-5.298317366548036,[-5.29831737]
2010,-1.7172079949962848,[-1.54174305]
2011,0.7910049272250538,[0.79100493]
2012,-13.06048797368624,[-13.06048797]
2013,-8.411832675758411,[-8.50814426]
2014,-15.38412647587812,[-15.38412648]
2015,-2.7666947443637597,[-2.76669474]
2016,-4.310896207901848,[-4.31089621]
2017,0.8553780196477646,[0.85537802]
2018,-9.011889433252344,[-9.01188943]
2019,-5.576121249816978,[-5.57612125]
2020,-0.6418538861723948,[-0.64185389]
2021,-10.341742483467284,[-8.95200713]
2022,0.766238435648986,[0.76623844]
2023,-10.704190422904547,[-7.09075879]
2024,-10.823762369234872,[-10.82376237]
2025,-19.644456175574483,[-19.64445618]
2026,-7.841961189356706,[-7.84196119]
2027,-8.565938002054867,[-7.27659356]
2028,-11.502875129116726,[-11.50287513]
2029,-6.672032945461067,[-6.67203295]
2030,0.8743736634389684,[-2.89908733]
2031,-4.605170185988091,[-4.60517019]
2032,-12.0435537160324,[-12.04355372]
2033,-25.040753950482717,[-25.04075395]
2034,-9.615805480084347,[-9.61580548]
2035,-29.73515527019876,[-29.73515527]
2036,-18.390221536467656,[-19.4555884]
2037,-12.971540487669744,[-12.97154049]
2038,-0.8329091229351039,[-0.83290912]
2039,-24.971761078995772,[-22.35968684]
2040,-25.859064273996676,[-25.85906427]
2041,-25.22307550727668,[-20.07091648]
2042,-8.935903526274423,[-8.93590353]
2043,-23.858760052875557,[-23.85876005]
2044,-10.373491181781864,[-10.37349118]
2045,-7.438383530044308,[-7.43838353]
2046,-10.878047192534261,[-10.87804719]
2047,-29.82824569326477,[-29.82824569]
2048,-3.0445224377234235,[-7.37758536]
2049,1.0477854618048597,[1.04778546]
2050,0.07257069283483518,[0.07257069]
2051,0.06187540371808745,[0.0618754]
2052,0.24994013891288155,[0.24994014]
2053,-2.17309114855187,[-2.17309115]
2054,-13.617059619240436,[-2.36672475]
2055,0.7985076962177716,[0.7985077]
2056,-8.83927669058535,[-8.83927669]
2057,-10.46310334047155,[-10.46310334]
2058,-0.4054651081081645,[-0.40546511]
2059,-20.617905321288585,[-9.31911592]
2060,-12.206072645530176,[-12.20607265]
2061,-0.831963048859085,[-0.83196305]
2062,-24.249626361562573,[-24.24962636]
2063,-0.2623642644674911,[-0.26236426]
2064,-21.639556568820566,[-21.63955657]
2065,-21.46520318167579,[-21.46520318]
2066,-7.6868275880054115,[-7.68682759]
2067,-5.029358717918608,[-5.53505367]
2068,-2.911522947741509,[-5.42829491]
2069,-8.216088098632316,[-8.2160881]
2070,-1.3818329128334936,[-1.38183291]
2071,0.11549567251708075,[-1.83167517]
2072,-3.8200615863476814,[-3.82006159]
2073,-3.163190604023578,[-5.73171867]
2074,-11.145940877430126,[-26.25558718]
2075,-3.218875824868201,[-3.21887582]
2076,-9.998797732340453,[-9.99879773]
2077,-22.428013929184843,[-22.42801393]
2078,-6.040254711277415,[-6.04025471]
2079,1.5606477482646683,[1.56064775]
2080,-23.858760052875557,[-9.05649265]
2081,-16.523560759066484,[-10.17534778]
2082,-3.688879454113936,[-3.68887945]
2083,-9.392661928770137,[-9.39266193]
2084,-8.455317787698151,[-8.45531779]
2085,-2.2925347571405443,[-6.78820685]
2086,3.1010927892118167,[-7.17552601]
2087,-7.244227515603349,[-7.24422752]
2088,-5.27003219080384,[-5.27003219]
2089,-12.388394202324125,[-12.3883942]
2090,1.5141277326297755,[-0.61911065]
2091,-10.714417768752456,[-10.71441777]
2092,-2.7080502011022096,[-2.7080502]
2093,-2.0957049297363137,[-2.09570493]
2094,-7.438383530044308,[-7.70895626]
2095,-1.0986122886681098,[-1.09861229]
2096,-2.4849066497880004,[-2.48490665]
2097,-3.80666248977032,[-3.80666249]
2098,-4.787491742782046,[-4.78749174]
2099,-14.403297222866394,[-14.40329722]
2100,-16.811242831518268,[-16.81124283]
2101,-4.182021005961031,[-4.18202101]
2102,-19.20913810431664,[-19.2091381]
2103,-16.523560759066484,[-16.52356076]
2104,-12.206072645530176,[-12.20607265]
2105,-4.127134385045092,[-4.12713439]
2106,-7.377758908227872,[-7.37775891]
2107,-9.305650551780507,[-9.30565055]
2108,-1.6094379124341005,[-1.60943791]
2109,-2.8617925509761903,[-2.86179255]
2110,-6.1092475827643655,[-6.10924758]
2111,-1.2527629684953678,[-1.25276297]
2112,-0.7651973525468238,[-0.76519735]
2113,-8.101677747454572,[-8.10167775]
2114,-17.147715068139483,[-17.14771507]
2115,-18.04961706256153,[-18.04961706]
2116,-11.640095095067315,[-11.6400951]
2117,-1.4599668624043245,[-1.45996686]
2118,-1.0986122886681098,[-1.09861229]
2119,-6.213406656114037,[-6.21340666]
2120,-8.603328801886464,[-3.68215386]
2121,-7.3830551508862206,[-2.71316979]
2122,3.6496587409606547,[3.64965874]
2123,-1.029619417181158,[-1.02961942]
2124,0.9675840262617056,[0.96758403]
2125,1.8971199848858813,[1.89711998]
2126,-1.3473135903850348,[-1.34731359]
2127,1.0498221244986776,[-3.20889881]
2128,-23.858760052875557,[-23.85876005]
2129,-5.899803518544212,[-5.89980352]
2130,-2.302585092994045,[-7.83577684]
2131,-0.3791173723280135,[-0.37911737]
2132,0.7550225842780328,[0.75502258]
2133,-1.8082887711792652,[-1.80828877]
2134,-5.298317366548036,[-5.29831737]
2135,-1.006116395993193,[-1.0061164]
2136,-4.110873864173311,[-4.11087386]
2137,-1.7275318657817982,[-1.72753187]
2138,0.8915981192837835,[-1.16373582]
2139,-3.375356982330592,[-3.37535698]
2140,-0.3364722366212129,[0.69702564]
2141,-3.1767491972408997,[-1.21515349]
2142,-6.1337157034496865,[-6.1337157]
2143,-2.0281482472922856,[-2.02814825]
2144,-6.040254711277415,[-6.04025471]
2145,-2.3978952727983707,[-2.39789527]
2146,-1.8943623945418264,[-1.89436239]
2147,-5.5606816310155285,[-2.63939277]
2148,-8.131530710604252,[-8.13153071]
2149,-6.876318385825057,[-6.87631839]
2150,-4.007333185232471,[-4.00733319]
2151,-16.811242831518268,[-16.81124283]
2152,-9.602811780944688,[-9.60281178]
2153,-8.191817969557457,[-8.19181797]
2154,-12.388394202324125,[-5.16534525]
2155,-11.407564949312404,[-7.99562113]
2156,-8.794824928014519,[-8.79482493]
2157,-23.858760052875557,[-23.85876005]
2158,-4.868506837136119,[-4.86850684]
2159,-2.3951290051934717,[-2.39512901]
2160,-0.5877866649021191,[-4.81564446]
2161,-4.196139708610233,[-4.19613971]
2162,-4.31748811353631,[-4.85950088]
2163,-7.313003032290419,[-7.30764643]
2164,-3.896762985326177,[-3.89676299]
2165,-2.772588722239781,[-2.77258872]
2166,-5.3471075307174685,[-5.34710753]
2167,-7.087753946004059,[-7.08775395]
2168,-2.772588722239781,[-3.73571547]
2169,-6.951760717643492,[-6.95176072]
2170,-5.768320995793773,[-7.12090697]
2171,-4.605170185988091,[-4.60517019]
2172,-3.3966983778706545,[-3.39669838]
2173,-7.0030654587864625,[-7.00306546]
2174,-1.2527629684953678,[-1.25276297]
2175,1.7147984280919264,[1.71479843]
2176,-7.0030654587864625,[-6.34472283]
2177,-3.091042453358316,[-3.09104245]
2178,-5.249589863155343,[-5.24958986]
2179,3.381394754365976,[3.38139475]
2180,1.9932313638363552,[-4.3961026]
2181,4.0745419349259215,[-3.04721314]
2182,-2.1060637989392417,[-3.09708425]
2183,8.434906498772394,[8.4349065]
2184,-3.4914313757344715,[-1.50270644]
2185,-4.499809670330264,[-4.49980967]
2186,-1.14647772776232,[-1.14647773]
2187,-3.966174764118272,[-3.96617476]
2188,-5.501049920602119,[-5.50104992]
2189,-3.973861821324972,[-3.97386182]
2190,-0.2779201351585432,[-0.27792014]
2191,-23.858760052875557,[-23.85876005]
2192,-2.642507584442337,[-2.64250758]
2193,2.2549300030918835,[2.25493]
2194,-6.269483530401753,[-6.26948353]
2195,-12.323608706619913,[-12.32360871]
